occ2,occ.code,occ.title,"Digital Score, 2002","Digital Score, 2016",ScoreChange,Education Requirement,Digital Skill level_2002,Digital Skill level_2016,high02,medium02,low02,high16,medium16,low16,tot_emp2002,tot_emp2010,tot_emp16,a_mean02,a_mean10,a_mean16,a_median02,a_median10,a_median16
11,11_1011,Chief Executives,41.02178847,49.73846544,8.716676967,Bachelor Degree,2,2,0,1,0,0,1,0,452400,273500,223260,134960,173350,194350,126260,165080,181210
11,11_1021,General and Operations Managers,50.49652351,60.88690048,10.39037697,Bachelor Degree,3,2,0,1,0,1,0,0,1998350,1708080,2188870,83590,113100,122090,68210,94400,99310
11,11_2011,Advertising and Promotions Managers,41.9918223,64.13832603,22.14650372,Bachelor Degree,3,2,0,1,0,1,0,0,81090,32240,28860,69200,98720,117810,57130,83890,100810
11,11_2021,Marketing Managers,32.62211957,60.90264962,28.28053005,Bachelor Degree,3,1,0,0,1,1,0,0,192080,164590,205900,87170,122720,144140,78250,112800,131180
11,11_2022,Sales Managers,69.75235949,59.98414284,-9.768216646,Bachelor Degree,2,3,1,0,0,0,1,0,328060,319300,365230,86110,114110,135090,75040,98530,117960
11,11_3011,Administrative Services Managers,53.22903098,63.95662257,10.72759159,Bachelor Degree,3,2,0,1,0,1,0,0,306370,240320,266280,59350,84390,98930,52500,77890,90050
11,11_3021,Computer and Information Systems Managers,78.95270924,91.51271943,12.56001019,Bachelor Degree,3,3,1,0,0,1,0,0,264790,288660,352510,90440,123280,145740,85240,115780,135800
11,11_3031,Financial Managers,40.50541688,60.96370839,20.45829151,Bachelor Degree,3,2,0,1,0,1,0,0,563020,478940,543300,83080,116970,139720,73340,103910,121750
11,11_3051,Industrial Production Managers,47.34046349,60.23896971,12.89850621,Bachelor Degree,3,2,0,1,0,1,0,0,173960,143310,168400,72980,95660,107060,67320,87160,97140
11,11_3061,Purchasing Managers,30.26614719,57.27987711,27.01372992,Bachelor Degree,2,1,0,0,1,0,1,0,105010,65220,71750,66250,100600,117720,59890,95070,111590
11,11_3071,"Transportation, Storage, and Distribution Managers",23.06522699,59.78740242,36.72217544,Bachelor Degree,2,1,0,0,1,0,1,0,107400,90280,113270,65070,86630,97630,59660,80210,89190
11,11_9013,"Farmers, Ranchers, and Other Agricultural Managers",14.857129,54.57256435,39.71543535,Bachelor Degree,2,1,0,0,1,0,1,0,5630,3680,4560,49200,65960,75790,43740,60750,66360
11,11_9021,Construction Managers,17.03613649,59.81859959,42.7824631,Bachelor Degree,2,1,0,0,1,0,1,0,208360,191430,249650,71210,94240,99510,63500,83860,89300
11,11_9031,"Education Administrators, Preschool and Childcare Center/Program",39.0444626,46.92566976,7.881207158,Bachelor Degree,2,2,0,1,0,0,1,0,52700,50700,48530,39190,50410,52150,33340,42960,45790
11,11_9032,"Education Administrators, Elementary and Secondary School",39.0444626,64.88760463,25.84314203,Advanced Degree,3,2,0,1,0,1,0,0,204340,222270,242970,74050,89990,95390,71490,86970,92510
11,11_9033,"Education Administrators, Postsecondary",39.37767453,58.5072456,19.12957107,Advanced Degree,2,2,0,1,0,0,1,0,96910,110360,138430,71630,96680,105770,64640,83710,90760
11,11_9041,Architectural and Engineering Managers,44.65282055,66.75086078,22.09804023,Bachelor Degree,3,2,0,1,0,1,0,0,205390,174720,178390,95750,125900,143870,90930,119260,134730
11,11_9071,Gaming Managers,13.52881539,65.71839737,52.18958198,Secondary or below,3,1,0,0,1,1,0,0,3760,3230,4280,60910,73940,79690,54330,66960,69180
11,11_9081,Lodging Managers,37.30896642,66.74497164,29.43600522,Bachelor Degree,3,2,0,1,0,1,0,0,31170,29920,35410,38110,54570,59410,33970,46880,51840
11,11_9111,Medical and Health Services Managers,67.30000834,69.01327006,1.713261724,Bachelor Degree,3,3,1,0,0,1,0,0,228290,282990,332150,69370,93670,109370,61370,84270,96540
11,11_9121,Natural Sciences Managers,44.65282055,56.85479656,12.20197602,Bachelor Degree,2,2,0,1,0,0,1,0,42470,45920,54780,90400,129320,136150,82250,116020,119850
11,11_9131,Postmasters and Mail Superintendents,28.32134656,64.74400564,36.42265908,Secondary or below,3,1,0,0,1,1,0,0,26470,25160,14720,48590,60500,71980,48540,60300,71670
11,11_9141,"Property, Real Estate, and Community Association Managers",25.31534819,60.23343338,34.91808519,Bachelor Degree,3,1,0,0,1,1,0,0,156290,147110,180290,46390,62400,70290,36880,51480,57040
11,11_9151,Social and Community Service Managers,13.97855924,58.81397979,44.83542055,Bachelor Degree,2,1,0,0,1,0,1,0,111480,116480,126230,46900,62360,70870,43080,57950,64680
13,13_1021,"Buyers and Purchasing Agents, Farm Products",23.90457219,58.99288943,35.08831724,Bachelor Degree,2,1,0,0,1,0,1,0,16570,10250,11490,46930,63540,63910,40900,54220,58430
13,13_1022,"Wholesale and Retail Buyers, Except Farm Products",43.2829417,60.83951517,17.55657347,Bachelor Degree,3,2,0,1,0,1,0,0,138380,108220,109440,46650,56300,60040,40780,49650,53340
13,13_1023,"Purchasing Agents, Except Wholesale, Retail, and Farm Products",36.53243511,64.24501581,27.7125807,Bachelor Degree,3,2,0,1,0,1,0,0,231490,272370,297600,48270,60160,67420,45090,56580,63300
13,13_1031,"Claims Adjusters, Examiners, and Investigators",28.84517868,58.97438911,30.12921043,Bachelor Degree,2,1,0,0,1,0,1,0,211960,262540,274420,45990,60200,64990,43020,58620,63680
13,13_1032,"Insurance Appraisers, Auto Damage",20.84444396,63.13956823,42.29512427,Some College,3,1,0,0,1,1,0,0,13270,10280,15130,43620,57710,65930,42630,56230,63510
13,13_1041,Compliance Officers,25.7645647,66.32760238,40.56303767,Bachelor Degree,3,1,0,0,1,1,0,0,146670,204000,273910,48450,62140,70250,44800,58720,66540
13,13_1051,Cost Estimators,46.31683827,69.56194062,23.24510235,Bachelor Degree,3,2,0,1,0,1,0,0,185080,183790,214610,51310,62060,66620,47550,57860,61790
13,13_1071,Human Resources Specialists,37.16490552,59.64563675,22.48073122,Bachelor Degree,2,2,0,1,0,0,1,0,168550,417880,524800,46050,57830,64890,39410,52690,59180
13,13_1111,Management Analysts,39.22064962,53.01926595,13.79861633,Advanced Degree,2,2,0,1,0,0,1,0,392670,536310,637690,70160,87260,91910,60340,78160,81330
13,13_1121,"Meeting, Convention, and Event Planners",21.05035941,62.38538625,41.33502684,Bachelor Degree,3,1,0,0,1,1,0,0,168740,56950,95850,45521.15681,48780,52020,39565,45260,47350
13,13_1141,"Compensation, Benefits, and Job Analysis Specialists",44.25285129,51.74987856,7.497027267,Bachelor Degree,2,2,0,1,0,0,1,0,85880,102830,79190,47920,59590,66490,45100,57000,62080
13,13_1151,Training and Development Specialists,63.33674576,58.74841979,-4.588325961,Bachelor Degree,2,3,1,0,0,0,1,0,198910,203870,269710,46000,57280,63350,42800,54160,59020
13,13_1161,Market Research Analysts and Marketing Specialists,45.39224223,66.02284871,20.63060648,Bachelor Degree,3,2,0,1,0,1,0,0,258360,261780,558630,53045.10141,66850,70620,47760,60570,62560
13,13_2011,Accountants and Auditors,48.07034774,63.44386965,15.37352191,Bachelor Degree,3,2,0,1,0,1,0,0,888690,1072490,1246540,53230,68960,76730,47000,61690,68150
13,13_2021,Appraisers and Assessors of Real Estate,26.50348314,61.8942457,35.39076256,Bachelor Degree,3,1,0,0,1,1,0,0,57160,62560,60770,46120,54230,58030,41760,48500,51850
13,13_2031,Budget Analysts,40.41985354,60.1114405,19.69158696,Bachelor Degree,3,2,0,1,0,1,0,0,58900,58290,54700,55470,70660,77170,52480,68200,73840
13,13_2041,Credit Analysts,50.97650391,51.98775749,1.011253584,Bachelor Degree,2,2,0,1,0,0,1,0,65700,62680,72930,49530,68180,81160,42910,58850,69930
13,13_2051,Financial Analysts,59.39835514,72.66837809,13.27002295,Bachelor Degree,3,2,0,1,0,1,0,0,159920,220810,281610,67180,86040,97640,57100,74350,81760
13,13_2052,Personal Financial Advisors,30.26614719,61.45888539,31.1927382,Bachelor Degree,3,1,0,0,1,1,0,0,77010,155360,201850,78460,91220,123100,56680,64750,90530
13,13_2053,Insurance Underwriters,27.58536397,52.79413583,25.20877186,Bachelor Degree,2,1,0,0,1,0,1,0,95620,95350,91650,50940,65220,75480,45590,59290,67680
13,13_2061,Financial Examiners,37.02467827,55.26712527,18.24244701,Bachelor Degree,2,2,0,1,0,0,1,0,23890,27860,49750,61570,82320,88940,56220,74940,79280
13,13_2071,Credit Counselors,41.68005222,62.90733619,21.22728397,Some College,3,2,0,1,0,1,0,0,29780,29560,34110,36450,41700,49480,32010,38140,44380
13,13_2072,Loan Officers,41.68005222,59.97713668,18.29708446,Bachelor Degree,2,2,0,1,0,0,1,0,218470,283330,305700,52160,65900,76260,43980,56490,63650
13,13_2081,"Tax Examiners and Collectors, and Revenue Agents",30.10550722,61.83069904,31.72519181,Bachelor Degree,3,1,0,0,1,1,0,0,69320,68530,58450,45730,54830,57950,42250,49360,52060
13,13_2082,Tax Preparers,31.92965446,62.61661404,30.68695958,Secondary or below,3,1,0,0,1,1,0,0,54330,56990,70030,31630,37060,45340,25630,30990,36550
15,15_1121,Computer Systems Analysts,95.9168391,78.7987522,-17.1180869,Bachelor Degree,3,3,1,0,0,1,0,0,467750,495800,568960,64890,81250,91620,62890,77740,87220
15,15_1122,Information Security Analysts,89.9205999,91.32437011,1.403770217,Bachelor Degree,3,3,1,0,0,1,0,0,31141.20246,56777.97688,96870,61390,79370,96040,58420,75660,92600
15,15_1131,Computer Programmers,93.4778469,93.65909269,0.181245798,Bachelor Degree,3,3,1,0,0,1,0,0,457320,333620,271200,63690,74900,85180,60290,71380,79840
15,15_1132,"Software Developers, Applications",96.95180563,94.3301447,-2.621660924,Bachelor Degree,3,3,1,0,0,1,0,0,356760,499280,794000,73800,90410,104300,70900,87790,100080
15,15_1133,"Software Developers, Systems Software",96.95180563,90.95095069,-6.000854933,Bachelor Degree,3,3,1,0,0,1,0,0,255040,378920,409820,75840,97960,110590,74040,94180,106860
15,15_1141,Database Administrators,90.23430904,83.51249624,-6.721812802,Bachelor Degree,3,3,1,0,0,1,0,0,102090,104080,113730,59080,75730,87130,55480,73490,84950
15,15_1143,Computer Network Architects,80.95093866,72.32177028,-8.629168377,Bachelor Degree,3,3,1,0,0,1,0,0,601210,243330,157070,64113.05018,79370,104240,60655,75660,101210
15,15_1152,Computer Network Support Specialists,80.95093866,92.79365698,11.84271831,Bachelor Degree,3,3,1,0,0,1,0,0,60675.03408,110625.3263,188740,61390,NA,67770,58420,NA,62670
15,15_2011,Actuaries,40.43810314,77.97112351,37.53302038,Bachelor Degree,3,2,0,1,0,1,0,0,14440,18320,19940,80780,98620,114120,69970,87650,100610
15,15_2021,Mathematicians,59.33032812,80.85689212,21.52656401,Advanced Degree,3,2,0,1,0,1,0,0,2600,2830,2730,75610,100260,105600,76470,99380,105810
15,15_2031,Operations Research Analysts,60.510927,78.10992381,17.59899681,Advanced Degree,3,3,1,0,0,1,0,0,56310,62210,109150,60890,76980,84340,56920,70960,79200
15,15_2041,Statisticians,66.41996405,72.84134545,6.421381396,Advanced Degree,3,3,1,0,0,1,0,0,17820,22830,33440,60000,76070,85160,57080,72830,80500
17,17_1011,"Architects, Except Landscape and Naval",69.11429044,63.55999142,-5.554299023,Bachelor Degree,3,3,1,0,0,1,0,0,87700,87700,99860,62530,78530,84470,56620,72550,76930
17,17_1012,Landscape Architects,54.55327369,65.48271528,10.92944159,Bachelor Degree,3,2,0,1,0,1,0,0,17460,16680,19420,52050,66880,68820,47400,62090,63480
17,17_1021,Cartographers and Photogrammetrists,31.49080848,73.12426697,41.63345849,Bachelor Degree,3,1,0,0,1,1,0,0,8040,11670,12100,45180,60970,66160,42870,54510,62750
17,17_1022,Surveyors,33.55522832,75.62107452,42.0658462,Bachelor Degree,3,2,0,1,0,1,0,0,53340,43950,43340,42630,58140,63480,39970,54880,59390
17,17_2011,Aerospace Engineers,64.46597735,77.21756422,12.75158687,Bachelor Degree,3,3,1,0,0,1,0,0,74210,78450,68510,74110,99000,112010,72750,97480,109650
17,17_2021,Agricultural Engineers,37.80223355,71.16557601,33.36334247,Bachelor Degree,3,2,0,1,0,1,0,0,2500,2520,1980,55730,74790,77330,50700,71090,73640
17,17_2041,Chemical Engineers,46.72622981,69.11238385,22.38615404,Bachelor Degree,3,2,0,1,0,1,0,0,32110,28720,31990,75010,94590,105420,72490,90300,98340
17,17_2051,Civil Engineers,65.71995997,63.11742683,-2.602533141,Bachelor Degree,3,3,1,0,0,1,0,0,207480,249120,287800,63010,82280,89730,60070,77560,83540
17,17_2061,Computer Hardware Engineers,96.95180563,91.45194791,-5.499857718,Bachelor Degree,3,3,1,0,0,1,0,0,67180,66960,72950,76150,101600,118700,72150,98810,115080
17,17_2071,Electrical Engineers,77.65824663,76.5446615,-1.113585131,Bachelor Degree,3,3,1,0,0,1,0,0,146180,148770,183770,70480,87770,98620,68180,84540,94210
17,17_2072,"Electronics Engineers, Except Computer",67.28045987,89.72443105,22.44397118,Bachelor Degree,3,3,1,0,0,1,0,0,126020,133660,132100,71600,92730,103760,69930,90170,99210
17,17_2081,Environmental Engineers,56.39524499,64.21452039,7.819275394,Bachelor Degree,3,2,0,1,0,1,0,0,45720,49800,52280,63440,83160,88530,61410,78740,84890
17,17_2111,"Health and Safety Engineers, Except Mining Safety Engineers and Inspectors",35.47757869,58.56701335,23.08943466,Bachelor Degree,2,2,0,1,0,0,1,0,34160,23390,25410,59830,78210,90190,58010,75430,86720
17,17_2112,Industrial Engineers,45.90513326,63.80421821,17.89908494,Bachelor Degree,3,2,0,1,0,1,0,0,151760,202990,256550,63590,78450,88530,62150,76100,84310
17,17_2121,Marine Engineers and Naval Architects,39.99163608,51.52572383,11.53408774,Advanced Degree,2,2,0,1,0,0,1,0,4810,5720,8120,68280,87770,99860,66650,79920,93350
17,17_2131,Materials Engineers,37.71366925,68.08938208,30.37571283,Bachelor Degree,3,2,0,1,0,1,0,0,22780,21830,26800,64310,85860,97050,62590,83120,93310
17,17_2141,Mechanical Engineers,69.87985227,69.75410914,-0.125743123,Bachelor Degree,3,3,1,0,0,1,0,0,203620,234400,285790,65170,82480,89800,62880,78160,84190
17,17_2151,"Mining and Geological Engineers, Including Mining Safety Engineers",32.63272814,64.351713,31.71898486,Bachelor Degree,3,1,0,0,1,1,0,0,5050,6270,6940,64770,87350,103010,61770,82870,93720
17,17_2161,Nuclear Engineers,54.5657454,75.62703086,21.06128546,Bachelor Degree,3,2,0,1,0,1,0,0,15180,18610,17680,82300,101500,105950,81350,99920,102220
17,17_2171,Petroleum Engineers,38.91209235,68.82670146,29.9146091,Bachelor Degree,3,2,0,1,0,1,0,0,11130,28210,32780,85540,127970,147030,83370,114080,128230
17,17_3011,Architectural and Civil Drafters,57.00295255,66.05871727,9.055764718,Bachelor Degree,3,2,0,1,0,1,0,0,101190,89670,96810,39060,48740,54290,37330,46430,51640
17,17_3012,Electrical and Electronics Drafters,49.38091624,72.97536344,23.5944472,Some College,3,2,0,1,0,1,0,0,35470,27960,26750,44020,55960,63390,41090,53020,59970
17,17_3013,Mechanical Drafters,51.12073043,66.80722747,15.68649704,Some College,3,2,0,1,0,1,0,0,68280,64440,63630,43080,51200,57480,40730,48810,54480
17,17_3022,Civil Engineering Technicians,39.30932849,63.67410975,24.36478125,Secondary or below,3,2,0,1,0,1,0,0,88380,77050,72150,38910,47940,52120,37720,46290,49980
17,17_3023,Electrical and Electronics Engineering Technicians,59.09458696,72.17558224,13.08099528,Some College,3,2,0,1,0,1,0,0,194960,147750,134870,44210,56690,62950,42950,56040,62190
17,17_3024,Electro-Mechanical Technicians,33.53859903,59.87798389,26.33938486,Some College,2,2,0,1,0,0,1,0,30360,15970,13710,39930,51160,57860,38120,49550,55610
17,17_3026,Industrial Engineering Technicians,50.83195926,61.63705307,10.80509381,Some College,3,2,0,1,0,1,0,0,59700,61630,63220,45310,50540,56920,41910,48210,53330
17,17_3027,Mechanical Engineering Technicians,33.22180774,72.7581035,39.53629576,Some College,3,2,0,1,0,1,0,0,53630,44170,45510,42850,51450,57180,41280,50110,54480
17,17_3031,Surveying and Mapping Technicians,50.94074094,77.01377695,26.07303601,Some College,3,2,0,1,0,1,0,0,55670,53870,53920,31760,40370,45490,29230,37900,42450
19,19_1011,Animal Scientists,32.17789785,64.60161543,32.42371757,Advanced Degree,3,1,0,0,1,1,0,0,2210.70186,1552.825435,2470,52800,68170,72890,48670,58250,60330
19,19_1012,Food Scientists and Technologists,22.05368135,57.63976473,35.58608338,Bachelor Degree,2,1,0,0,1,0,1,0,12709.29814,8927.174565,14200,52800,65380,71270,48670,60180,63950
19,19_1021,Biochemists and Biophysicists,28.95490496,67.86887196,38.913967,Advanced Degree,3,1,0,0,1,1,0,0,15190,22800,29200,65620,86580,94340,60390,79390,82180
19,19_1023,Zoologists and Wildlife Biologists,22.88300628,64.37421062,41.49120434,Advanced Degree,3,1,0,0,1,1,0,0,12970,17440,17720,49250,61660,64890,47740,57430,60520
19,19_1031,Conservation Scientists,19.27266958,54.52709467,35.25442508,Bachelor Degree,2,1,0,0,1,0,1,0,13600,18880,20470,50820,61200,65130,50340,59310,61810
19,19_1032,Foresters,52.14608523,62.29211105,10.14602583,Bachelor Degree,3,2,0,1,0,1,0,0,9760,9470,8420,48060,55790,60300,46730,54540,58700
19,19_1041,Epidemiologists,44.36968366,68.49172199,24.12203833,Advanced Degree,3,2,0,1,0,1,0,0,3760,4710,5690,58190,68280,77720,53840,63010,70820
19,19_1042,"Medical Scientists, Except Epidemiologists",44.36968366,62.31683174,17.94714808,Advanced Degree,3,2,0,1,0,1,0,0,53840,93560,108870,66200,86710,95000,56980,76700,80530
19,19_2011,Astronomers,51.34837042,85.04048422,33.69211381,Advanced Degree,3,2,0,1,0,1,0,0,900,1840,1830,80510,93340,110380,81690,87260,104740
19,19_2021,Atmospheric and Space Scientists,54.17335364,74.73368397,20.56033033,Bachelor Degree,3,2,0,1,0,1,0,0,7210,8640,9800,61000,88010,94840,60200,87780,92460
19,19_2031,Chemists,48.97589901,65.91320242,16.93730341,Bachelor Degree,3,2,0,1,0,1,0,0,82050,80180,86660,57670,73240,80820,52890,68320,73740
19,19_2032,Materials Scientists,33.48448833,69.03752018,35.55303185,Bachelor Degree,3,2,0,1,0,1,0,0,7090,8390,7750,67240,86300,101570,64590,84720,99430
19,19_2041,"Environmental Scientists and Specialists, Including Health",39.54920892,59.77528915,20.22608023,Advanced Degree,2,2,0,1,0,0,1,0,60380,81690,84250,50970,67810,75360,47600,61700,68910
19,19_2042,"Geoscientists, Except Hydrologists and Geographers",43.76963774,67.52376081,23.75412307,Bachelor Degree,3,2,0,1,0,1,0,0,26130,30830,30420,78690,93380,106390,67470,82500,89780
19,19_2043,Hydrologists,40.51419198,66.35151644,25.83732446,Bachelor Degree,3,2,0,1,0,1,0,0,7390,6910,6300,58820,79280,83740,56530,75690,80480
19,19_3011,Economists,43.83342132,70.9794495,27.14602818,Advanced Degree,3,2,0,1,0,1,0,0,13290,13250,19380,76180,99350,112860,68550,89450,101050
19,19_3031,"Clinical, Counseling, and School Psychologists",33.69350154,49.36280154,15.6693,Advanced Degree,2,2,0,1,0,0,1,0,100560,100700,107980,56540,72540,78690,51170,66810,73270
19,19_3032,Industrial-Organizational Psychologists,37.60448976,58.72285176,21.118362,Advanced Degree,2,2,0,1,0,0,1,0,1360,1420,1020,69670,114040,104570,63710,87330,82760
19,19_3041,Sociologists,41.99570642,61.23753312,19.2418267,Advanced Degree,3,2,0,1,0,1,0,0,2630,3710,2870,56520,80130,86840,53160,72360,79750
19,19_3051,Urban and Regional Planners,59.39042872,55.4972965,-3.893132226,Advanced Degree,2,2,0,1,0,0,1,0,30460,38830,34810,51960,66020,73060,49880,63040,70020
19,19_3091,Anthropologists and Archeologists,28.57893484,63.57482285,34.99588801,Advanced Degree,3,1,0,0,1,1,0,0,4410,5100,6470,42380,58040,66440,38620,54230,63190
19,19_3092,Geographers,24.87150073,68.3132483,43.44174756,Bachelor Degree,3,1,0,0,1,1,0,0,740,1300,1370,54290,72890,74090,53420,72800,74260
19,19_3093,Historians,28.80825514,55.82651027,27.01825513,Advanced Degree,2,1,0,0,1,0,1,0,2110,3320,2950,45090,57840,60990,42030,53520,55110
19,19_4011,Agricultural and Food Science Technicians,17.82048528,59.70013186,41.87964658,Some College,2,1,0,0,1,0,1,0,15990,16890,20420,31010,35140,40470,28580,32760,37550
19,19_4021,Biological Technicians,11.09756858,55.36663827,44.26906969,Bachelor Degree,2,1,0,0,1,0,1,0,45630,72940,74720,34630,41740,46130,32710,39020,42520
19,19_4031,Chemical Technicians,34.71821559,54.61412091,19.89590533,Some College,2,2,0,1,0,0,1,0,67230,59440,65510,38890,44200,49770,37430,42040,45840
19,19_4041,Geological and Petroleum Technicians,28.60110339,57.85514087,29.25403748,Bachelor Degree,2,1,0,0,1,0,1,0,10690,13560,15100,41470,60410,62240,39430,54020,56470
19,19_4051,Nuclear Technicians,42.38060113,56.3637322,13.98313107,Some College,2,2,0,1,0,0,1,0,5620,6960,6840,61220,67330,77820,59990,68090,79140
19,19_4091,"Environmental Science and Protection Technicians, Including Health",40.06369218,58.13933061,18.07563843,Bachelor Degree,2,2,0,1,0,0,1,0,26380,28480,32950,37370,44440,47930,35320,41380,44190
19,19_4092,Forensic Science Technicians,40.85833176,56.52305515,15.66472338,Bachelor Degree,2,2,0,1,0,0,1,0,7830,12390,14800,43280,55040,60690,41040,51570,56750
21,21_1011,Substance Abuse and Behavioral Disorder Counselors,27.77236911,58.37647101,30.6041019,Advanced Degree,2,1,0,0,1,0,1,0,63310,77940,91040,31860,40810,44160,30180,38120,41070
21,21_1012,"Educational, Guidance, School, and Vocational Counselors",32.0318258,59.26354443,27.23171862,Advanced Degree,2,1,0,0,1,0,1,0,208340,246890,260670,46160,55970,57620,44100,53380,54560
21,21_1014,Mental Health Counselors,27.77236911,46.80643747,19.03406836,Advanced Degree,2,1,0,0,1,0,1,0,81030,110300,139820,32800,41360,46050,29940,38150,42840
21,21_1021,"Child, Family, and School Social Workers",53.27939962,51.1412605,-2.138139121,Bachelor Degree,2,2,0,1,0,0,1,0,259990,276100,298840,35640,43850,47510,33150,40210,43250
21,21_1022,Healthcare Social Workers,41.8454016,51.93329343,10.08789183,Advanced Degree,2,2,0,1,0,0,1,0,103180,143080,159310,38920,49200,55510,37380,47230,53760
21,21_1023,Mental Health and Substance Abuse Social Workers,23.770935,54.78581166,31.01487666,Advanced Degree,2,1,0,0,1,0,1,0,91240,119960,114040,34860,41880,47880,32850,38600,42700
21,21_1091,Health Educators,22.69714843,49.73441059,27.03726216,Bachelor Degree,2,1,0,0,1,0,1,0,22739.80817,30580.93998,57570,39190,50270,57900,36240,45830,53070
21,21_1092,Probation Officers and Correctional Treatment Specialists,25.90607038,61.39831141,35.49224104,Bachelor Degree,3,1,0,0,1,1,0,0,78990,89900,87500,41210,51240,55380,38360,47200,50160
21,21_1093,Social and Human Service Assistants,16.45100874,53.87183925,37.42083051,Bachelor Degree,2,1,0,0,1,0,1,0,291410,357500,360650,25040,30100,34120,23370,28200,31810
21,21_2011,Clergy,7.853230718,47.62601777,39.77278705,Advanced Degree,2,1,0,0,1,0,1,0,36450,42820,49320,36080,48290,49450,33110,43970,45740
21,21_2021,"Directors, Religious Activities and Education",17.27603826,56.12118195,38.8451437,Bachelor Degree,2,1,0,0,1,0,1,0,13120,16840,20590,32330,40600,44840,28020,36170,38610
23,23_1011,Lawyers,34.44961841,57.90819925,23.45858085,Advanced Degree,2,2,0,1,0,0,1,0,504370,561350,619530,105890,129440,139880,90290,112760,118160
23,23_1012,Judicial Law Clerks,36.50298945,58.65239835,22.1494089,Advanced Degree,2,2,0,1,0,0,1,0,41760,25150,13410,32070,44060,59840,30460,39780,51760
23,23_1021,"Administrative Law Judges, Adjudicators, and Hearing Officers",26.56678731,55.95794344,29.39115613,Advanced Degree,2,1,0,0,1,0,1,0,16700,14310,14540,68130,89740,95240,64540,85500,92110
23,23_1022,"Arbitrators, Mediators, and Conciliators",26.56678731,38.3245569,11.7577696,Bachelor Degree,2,1,0,0,1,0,1,0,5090,6920,6300,55970,66460,72730,47320,55800,59770
23,23_1023,"Judges, Magistrate Judges, and Magistrates",13.92680086,54.68921157,40.76241071,Advanced Degree,2,1,0,0,1,0,1,0,25100,25900,27210,85210,105390,115460,94070,119270,125880
23,23_2011,Paralegals and Legal Assistants,39.07638327,63.5858141,24.50943084,Bachelor Degree,3,2,0,1,0,1,0,0,235060,247940,277310,39076.36433,49640,53180,34205,46680,49500
23,23_2091,Court Reporters,56.37961025,72.13243026,15.75282001,Secondary or below,3,2,0,1,0,1,0,0,15270,18430,17700,44910,53270,56940,41550,47700,51320
25,25_1021,"Computer Science Teachers, Postsecondary",82.53620577,84.12085786,1.584652084,Advanced Degree,3,3,1,0,0,1,0,0,32990,33080,32540,55330,78190,89670,49860,70300,77570
25,25_1022,"Mathematical Science Teachers, Postsecondary",46.70580653,64.62921879,17.92341226,Advanced Degree,3,2,0,1,0,1,0,0,41140,51980,52020,55060,73480,82650,50280,65710,69520
25,25_1032,"Engineering Teachers, Postsecondary",53.38090616,70.42646576,17.0455596,Advanced Degree,3,2,0,1,0,1,0,0,29310,34400,38000,73100,96480,107490,68390,89670,97530
25,25_1041,"Agricultural Sciences Teachers, Postsecondary",36.04363777,69.44034677,33.396709,Advanced Degree,3,2,0,1,0,1,0,0,11070,10600,10340,67660,81760,96630,65990,78370,91580
25,25_1042,"Biological Science Teachers, Postsecondary",36.04363777,64.90349099,28.85985322,Advanced Degree,3,2,0,1,0,1,0,0,47150,54540,50820,67750,86570,90420,55600,72700,76650
25,25_1043,"Forestry and Conservation Science Teachers, Postsecondary",36.04363777,69.34268842,33.29905065,Advanced Degree,3,2,0,1,0,1,0,0,2350,2410,1750,68030,81120,90480,65680,78290,85880
25,25_1052,"Chemistry Teachers, Postsecondary",47.21606562,63.50379548,16.28772987,Advanced Degree,3,2,0,1,0,1,0,0,17670,21150,21250,60800,80070,89320,54960,70520,76750
25,25_1054,"Physics Teachers, Postsecondary",40.51614663,77.40876242,36.89261579,Advanced Degree,3,2,0,1,0,1,0,0,11940,13500,14160,66960,86560,97520,62640,77610,84570
25,25_1061,"Anthropology and Archeology Teachers, Postsecondary",36.04363777,60.14969276,24.10605499,Advanced Degree,3,2,0,1,0,1,0,0,4490,5850,5700,62910,80040,91940,59250,73600,81350
25,25_1062,"Area, Ethnic, and Cultural Studies Teachers, Postsecondary",36.04363777,61.56510226,25.52146449,Advanced Degree,3,2,0,1,0,1,0,0,6040,8980,9060,61180,76720,84590,55520,68020,73020
25,25_1063,"Economics Teachers, Postsecondary",36.04363777,63.13790962,27.09427185,Advanced Degree,3,2,0,1,0,1,0,0,11560,13020,13060,68370,92870,111520,63840,83370,95770
25,25_1065,"Political Science Teachers, Postsecondary",36.04363777,63.39391333,27.35027556,Advanced Degree,3,2,0,1,0,1,0,0,11910,15930,16720,62110,78620,94090,57230,70540,79210
25,25_1066,"Psychology Teachers, Postsecondary",36.04363777,57.76457764,21.72093987,Advanced Degree,2,2,0,1,0,0,1,0,25790,34350,37640,58680,74320,84440,53770,67330,73140
25,25_1067,"Sociology Teachers, Postsecondary",36.04363777,66.35824302,30.31460525,Advanced Degree,3,2,0,1,0,1,0,0,13580,17430,14580,56510,71830,81600,52220,64810,71840
25,25_1071,"Health Specialties Teachers, Postsecondary",37.03280399,52.30741849,15.2746145,Advanced Degree,2,2,0,1,0,0,1,0,85770,144780,186740,72820,103960,125430,60510,85270,99360
25,25_1072,"Nursing Instructors and Teachers, Postsecondary",31.42363322,57.4859678,26.06233458,Advanced Degree,2,1,0,0,1,0,1,0,36500,54050,56210,52970,66010,75030,50400,62390,69130
25,25_1121,"Art, Drama, and Music Teachers, Postsecondary",30.40112321,55.99535282,25.5942296,Advanced Degree,2,1,0,0,1,0,1,0,58130,86860,99020,52350,70850,81050,47560,62040,68650
25,25_1123,"English Language and Literature Teachers, Postsecondary",39.77942867,56.44593629,16.66650762,Advanced Degree,2,2,0,1,0,0,1,0,55150,69880,71270,51310,67920,76140,46750,60400,63730
25,25_1124,"Foreign Language and Literature Teachers, Postsecondary",39.77942867,55.77607978,15.99665111,Advanced Degree,2,2,0,1,0,0,1,0,19730,28100,28720,50410,66520,73750,46180,59080,63500
25,25_1125,"History Teachers, Postsecondary",36.04363777,55.82289653,19.77925876,Advanced Degree,2,2,0,1,0,0,1,0,17500,23240,21800,56200,70860,80880,51790,64880,71820
25,25_1191,Graduate Teaching Assistants,39.65790459,60.94920068,21.29129609,Bachelor Degree,3,2,0,1,0,1,0,0,128470,107790,135130,25420,34660,35810,23720,32750,34240
25,25_1194,"Vocational Education Teachers, Postsecondary",39.24095981,30.36645893,-8.874500884,Secondary or below,1,2,0,1,0,0,0,1,119350,120290,116430,42340,52790,55730,38920,48210,50660
25,25_2011,"Preschool Teachers, Except Special Education",21.93775216,29.27261857,7.334866407,Some College,1,1,0,0,1,0,0,1,367300,369380,385550,21730,29200,33300,19270,25700,28790
25,25_2012,"Kindergarten Teachers, Except Special Education",24.31219452,27.55556414,3.243369623,Bachelor Degree,1,1,0,0,1,0,0,1,162560,173330,151290,42040,51550,55460,39810,48800,52620
25,25_2021,"Elementary School Teachers, Except Special Education",45.31980879,58.09790375,12.77809496,Bachelor Degree,2,2,0,1,0,0,1,0,1443160,1485600,1392660,44080,54330,59020,41780,51660,55800
25,25_2022,"Middle School Teachers, Except Special and Career/Technical Education",29.92698211,60.17940431,30.25242221,Bachelor Degree,3,1,0,0,1,1,0,0,582620,655090,626310,44110,54880,59800,41820,51960,56720
25,25_2023,"Career/Technical Education Teachers, Middle School",29.92698211,65.21628132,35.28929921,Bachelor Degree,3,1,0,0,1,1,0,0,17730,14600,12730,44650,54160,60350,42590,51470,57560
25,25_2031,"Secondary School Teachers, Except Special and Career/Technical Education",29.92698211,59.84420229,29.91722018,Bachelor Degree,2,1,0,0,1,0,1,0,984600,1053140,1003250,46010,55990,61420,43950,53230,58030
25,25_2032,"Career/Technical Education Teachers, Secondary School",29.92698211,60.6929723,30.76599019,Bachelor Degree,3,1,0,0,1,1,0,0,106920,91690,80100,45850,56010,59480,44340,54310,57320
25,25_2052,"Special Education Teachers, Kindergarten and Elementary School",26.60251281,60.25882785,33.65631504,Bachelor Degree,3,1,0,0,1,1,0,0,184308.8256,197718.3317,190530,45510,55220,60090,42690,52250,57040
25,25_2053,"Special Education Teachers, Middle School",26.60251281,56.91430099,30.31178818,Bachelor Degree,2,1,0,0,1,0,1,0,89350,100510,90250,44150,56500,61910,41350,53440,58560
25,25_2054,"Special Education Teachers, Secondary School",26.60251281,60.54610022,33.94358741,Bachelor Degree,3,1,0,0,1,1,0,0,134870,141420,132490,47270,58080,64020,44130,54810,59700
25,25_3011,Adult Basic and Secondary Education and Literacy Teachers and Instructors,30.17781014,49.25597683,19.07816669,Advanced Degree,2,1,0,0,1,0,1,0,61440,68510,58810,41470,51080,55140,36400,46530,50650
25,25_3021,Self-Enrichment Education Teachers,30.17781014,36.62795178,6.450141643,Secondary or below,2,1,0,0,1,0,1,0,136780,160990,229840,32910,41210,43150,29320,36340,37330
25,25_4011,Archivists,29.36669057,65.3507844,35.98409384,Advanced Degree,3,1,0,0,1,1,0,0,4149.677419,2178.064516,5760,39750,49190,54570,35270,45200,50500
25,25_4012,Curators,31.3289603,53.82150031,22.49254001,Advanced Degree,2,1,0,0,1,0,1,0,8047.204301,4223.781362,11170,39750,53160,58910,35270,48450,53360
25,25_4013,Museum Technicians and Conservators,25.19563765,56.70966553,31.51402788,Advanced Degree,2,1,0,0,1,0,1,0,7903.11828,4148.154122,10970,39750,41940,44780,35270,37310,40040
25,25_4021,Librarians,52.00436149,65.91250745,13.90814596,Advanced Degree,3,2,0,1,0,1,0,0,156920,148240,129350,44430,56360,59870,43090,54500,57680
25,25_4031,Library Technicians,45.81275857,62.04950323,16.23674466,Bachelor Degree,3,2,0,1,0,1,0,0,111240,109240,93410,25280,31410,34780,24090,29860,32890
25,25_9011,Audio-Visual and Multimedia Collections Specialists,29.63184293,78.93546817,49.30362524,Bachelor Degree,3,1,0,0,1,1,0,0,9040,7740,10300,35370,45910,50130,32360,42710,47840
25,25_9021,Farm and Home Management Advisors,28.67862218,59.25808305,30.57946088,Advanced Degree,2,1,0,0,1,0,1,0,12760,10670,8620,41850,47640,52150,39430,45520,49490
25,25_9031,Instructional Coordinators,32.05749645,78.48629166,46.42879521,Advanced Degree,3,1,0,0,1,1,0,0,90350,128780,147330,49510,61270,65500,47350,58830,62460
25,25_9041,Teacher Assistants,16.32712644,41.84218351,25.51505707,Some College,2,1,0,0,1,0,1,0,1227220,1249380,1263820,19930,24880,27120,18660,23220,25410
27,27_1011,Art Directors,74.47739284,77.94255106,3.465158228,Bachelor Degree,3,3,1,0,0,1,0,0,23200,29700,36210,69790,94100,101170,61850,80630,89820
27,27_1021,Commercial and Industrial Designers,26.72225563,61.22570153,34.5034459,Bachelor Degree,3,1,0,0,1,1,0,0,35270,28670,31860,54160,61890,70880,52260,58230,67790
27,27_1023,Floral Designers,3.118206902,37.81082234,34.69261544,Secondary or below,2,1,0,0,1,0,1,0,66480,47850,43990,20600,25030,27610,19480,23610,25850
27,27_1024,Graphic Designers,70.5750613,69.54654344,-1.02851786,Bachelor Degree,3,3,1,0,0,1,0,0,141830,192240,210710,41380,48140,52290,36680,43500,47640
27,27_1025,Interior Designers,25.28648254,54.23431951,28.94783697,Bachelor Degree,2,1,0,0,1,0,1,0,40670,40120,53160,43770,52100,56220,39180,46280,49810
27,27_1026,Merchandise Displayers and Window Trimmers,6.581051085,44.2030786,37.62202752,Secondary or below,2,1,0,0,1,0,1,0,53350,64330,114690,25470,28480,30090,22550,25960,26700
27,27_1027,Set and Exhibit Designers,21.22137493,61.19334265,39.97196772,Bachelor Degree,3,1,0,0,1,1,0,0,8280,8120,12060,37250,51600,57600,33870,46680,50990
27,27_2012,Producers and Directors,24.44625755,71.73258679,47.28632924,Bachelor Degree,3,1,0,0,1,1,0,0,50780,83520,114510,61500,88610,93840,46240,68440,70950
27,27_2021,Athletes and Sports Competitors,2.672612419,38.41338327,35.74077085,Secondary or below,2,1,0,0,1,0,1,0,10400,12660,10260,92540,87340,83730,45320,43740,47710
27,27_2022,Coaches and Scouts,4.629100499,42.89129912,38.26219862,Bachelor Degree,2,1,0,0,1,0,1,0,87720,184280,230930,34170,35950,41000,27880,28340,31460
27,27_2023,"Umpires, Referees, and Other Sports Officials",8.75,30.7502487,22.0002487,Secondary or below,1,1,0,0,1,0,0,1,9190,15250,18660,27010,28900,35540,20540,22840,25660
27,27_2042,Musicians and Singers,3.340765524,29.67241239,26.33164687,Some College,1,1,0,0,1,0,0,1,53940,43350,40110,48240,NA,NA,36290,NA,NA
27,27_3011,Radio and Television Announcers,35.62626302,73.31450646,37.68824344,Bachelor Degree,3,2,0,1,0,1,0,0,39064.35402,25514.61724,29210,29190,39910,48170,20620,26850,31400
27,27_3012,Public Address System and Other Announcers,17.92842914,54.51344349,36.58501435,Secondary or below,2,1,0,0,1,0,1,0,10725.64598,7005.382756,8020,29190,37840,42740,20620,27910,28940
27,27_3022,Reporters and Correspondents,43.76159683,50.9177737,7.156176868,Bachelor Degree,2,2,0,1,0,0,1,0,54240.45616,40063.36802,40090,39160,43780,49770,30510,34530,37820
27,27_3031,Public Relations Specialists,32.71126455,60.65347326,27.94220872,Bachelor Degree,3,1,0,0,1,1,0,0,136360,225590,226940,46590,59150,66540,41710,52090,58020
27,27_3041,Editors,40.94762967,62.38811438,21.44048471,Bachelor Degree,3,2,0,1,0,1,0,0,106520,99160,97170,47010,59340,66080,41170,51470,57210
27,27_3042,Technical Writers,41.63608982,74.35760324,32.72151341,Some College,3,2,0,1,0,1,0,0,44780,43990,49780,53310,66240,73160,50580,63280,69850
27,27_3043,Writers and Authors,33.5429699,55.35089197,21.80792207,Bachelor Degree,2,2,0,1,0,0,1,0,41990,40980,44690,50300,65960,71920,42790,55420,61240
27,27_3091,Interpreters and Translators,22.75309113,53.88471139,31.13162026,Bachelor Degree,2,1,0,0,1,0,1,0,18600,44200,51350,34900,49790,51260,32590,43300,46120
27,27_4011,Audio and Video Equipment Technicians,29.63184293,74.88735214,45.25550921,Some College,3,1,0,0,1,1,0,0,35770,47510,69670,36550,44460,47450,31110,40540,42230
27,27_4012,Broadcast Technicians,36.92737889,73.77910024,36.85172135,Secondary or below,3,2,0,1,0,1,0,0,31520,30520,30330,34200,41170,45430,27760,35120,38550
27,27_4014,Sound Engineering Technicians,41.65210212,79.046883,37.39478088,Secondary or below,3,2,0,1,0,1,0,0,11110,15650,15210,45750,54030,65240,36970,47080,53680
27,27_4021,Photographers,17.33389344,70.27358154,52.9396881,Secondary or below,3,1,0,0,1,1,0,0,63140,54550,48660,28810,35980,42640,24040,29130,34070
27,27_4031,"Camera Operators, Television, Video, and Motion Picture",25.2117869,63.34469378,38.13290688,Some College,3,1,0,0,1,1,0,0,21370,16760,21710,36880,48450,63200,32720,40390,55080
27,27_4032,Film and Video Editors,42.67462926,72.93027619,30.25564693,Bachelor Degree,3,2,0,1,0,1,0,0,15180,19930,29880,44540,61890,82190,38270,50930,62760
29,29_1011,Chiropractors,16.43365999,59.96916877,43.53550878,Advanced Degree,2,1,0,0,1,0,1,0,20630,26250,32960,83440,79820,81210,65330,67200,67520
29,29_1021,"Dentists, General",17.30249693,50.23590966,32.93341273,Advanced Degree,2,1,0,0,1,0,1,0,79830.17412,75720.3793,105620,133350,158770,173860,123210,141040,153900
29,29_1022,Oral and Maxillofacial Surgeons,14.38704855,54.08299228,39.69594373,Advanced Degree,2,1,0,0,1,0,1,0,4066.335322,3856.993379,5380,133350,214120,232870,123210,NA,NA
29,29_1023,Orthodontists,13.93648675,50.32491598,36.38842923,Advanced Degree,2,1,0,0,1,0,1,0,3930.286929,3727.94899,5200,133350,200290,228780,123210,NA,NA
29,29_1024,Prosthodontists,13.52273895,48.25769369,34.73495473,Advanced Degree,2,1,0,0,1,0,1,0,566.868307,537.6849505,750,133350,139620,168140,123210,118400,126050
29,29_1031,Dietitians and Nutritionists,57.29101627,54.25364537,-3.037370896,Bachelor Degree,2,2,0,1,0,0,1,0,45150,53510,61430,41920,54340,59670,41170,53250,58920
29,29_1041,Optometrists,49.97401786,46.35104681,-3.622971051,Advanced Degree,2,2,0,1,0,0,1,0,23040,26480,36430,95440,106750,117580,86090,94990,106140
29,29_1051,Pharmacists,51.86475781,62.59063516,10.72587735,Advanced Degree,3,2,0,1,0,1,0,0,219390,268030,305510,75140,109380,120270,77050,111570,122230
29,29_1061,Anesthesiologists,24.14213562,49.74516302,25.6030274,Advanced Degree,2,1,0,0,1,0,1,0,24780,34820,30190,181420,220100,269600,NA,NA,NA
29,29_1062,Family and General Practitioners,26.93410734,45.84822706,18.91411972,Advanced Degree,2,1,0,0,1,0,1,0,115020,97820,122970,136260,173860,200810,130610,163510,190490
29,29_1063,"Internists, General",26.93410734,57.70508666,30.77097932,Advanced Degree,2,1,0,0,1,0,1,0,50380,50070,45290,158350,189480,201840,NA,NA,196380
29,29_1064,Obstetricians and Gynecologists,26.93410734,45.87473054,18.9406232,Advanced Degree,2,1,0,0,1,0,1,0,19970,19940,19800,179640,210340,234310,NA,NA,NA
29,29_1065,"Pediatricians, General",26.93410734,54.24390643,27.30979909,Advanced Degree,2,1,0,0,1,0,1,0,27320,30100,26960,142360,165720,184240,133350,155370,168990
29,29_1066,Psychiatrists,24.01529776,51.31390044,27.29860268,Advanced Degree,2,1,0,0,1,0,1,0,19750,22690,24820,135220,167610,200220,130930,164220,194740
29,29_1067,Surgeons,21.93551482,55.52911655,33.59360173,Advanced Degree,2,1,0,0,1,0,1,0,51580,43230,41190,189590,225390,252910,NA,NA,NA
29,29_1071,Physician Assistants,27.40318318,55.60699232,28.20380914,Advanced Degree,2,1,0,0,1,0,1,0,61910,81420,104050,63490,87140,102090,64670,86410,101480
29,29_1081,Podiatrists,13.3630621,56.90563969,43.54257759,Advanced Degree,2,1,0,0,1,0,1,0,7490,9310,9800,107430,133410,144110,94870,118030,124830
29,29_1122,Occupational Therapists,37.65782941,49.50075142,11.84292201,Advanced Degree,2,2,0,1,0,0,1,0,78580,100300,118070,53040,73380,83730,51990,72320,81910
29,29_1123,Physical Therapists,38.13733301,44.10159365,5.964260649,Advanced Degree,2,2,0,1,0,0,1,0,130290,180280,216920,60180,77990,87220,57330,76310,85400
29,29_1124,Radiation Therapists,53.81354296,66.59333679,12.77979383,Some College,3,2,0,1,0,1,0,0,13510,16590,17450,60110,78290,84980,50640,74980,80160
29,29_1125,Recreational Therapists,38.63742975,49.75491499,11.11748524,Bachelor Degree,2,2,0,1,0,0,1,0,26130,20830,18100,31670,41440,48190,30540,39410,46410
29,29_1126,Respiratory Therapists,54.61440266,58.63302431,4.018621651,Some College,2,2,0,1,0,0,1,0,85350,109270,126770,40700,55200,60640,40220,54280,58670
29,29_1127,Speech-Language Pathologists,26.63453577,51.81384751,25.17931174,Advanced Degree,2,1,0,0,1,0,1,0,87030,112530,135980,51490,69880,78210,49450,66920,74680
29,29_1131,Veterinarians,13.12840669,49.40065185,36.27224516,Advanced Degree,2,1,0,0,1,0,1,0,42900,54480,67650,73720,92570,100560,63090,82040,88770
29,29_1141,Registered Nurses,38.18339451,54.91373275,16.73033824,Some College,2,2,0,1,0,0,1,0,2095515.476,2484287.104,2857180,49840,67720,72180,48090,64690,68450
29,29_1181,Audiologists,26.63453577,63.91175167,37.2772159,Advanced Degree,3,1,0,0,1,1,0,0,10180,12860,12310,51840,69840,79290,48400,66660,75980
29,29_2011,Medical and Clinical Laboratory Technologists,42.66341963,49.52902353,6.865603897,Bachelor Degree,2,2,0,1,0,0,1,0,146480,164430,166730,43670,56870,62440,42910,56130,61070
29,29_2012,Medical and Clinical Laboratory Technicians,36.2735363,62.48836615,26.21482985,Bachelor Degree,3,2,0,1,0,1,0,0,144120,156480,160190,30330,38190,41700,29040,36280,38950
29,29_2021,Dental Hygienists,37.99176959,49.22483844,11.23306885,Some College,2,2,0,1,0,0,1,0,148530,177520,204990,57790,68680,73440,55320,68250,72910
29,29_2031,Cardiovascular Technologists and Technicians,48.04517962,61.29832477,13.25314515,Some College,3,2,0,1,0,1,0,0,42870,48720,53760,37680,50720,57100,36430,49410,55570
29,29_2032,Diagnostic Medical Sonographers,51.44177456,57.04408883,5.602314272,Some College,2,2,0,1,0,0,1,0,36530,53010,65790,49710,64900,71750,48660,64380,69650
29,29_2033,Nuclear Medicine Technologists,58.42331973,67.02234542,8.599025687,Some College,3,2,0,1,0,1,0,0,17090,21600,19650,52260,69050,75960,48750,68560,74350
29,29_2034,Radiologic Technologists,54.99866278,63.75639767,8.757734883,Some College,3,2,0,1,0,1,0,0,147233.8309,183876.8478,200650,40150,55730,59260,38970,54340,57450
29,29_2041,Emergency Medical Technicians and Paramedics,39.80632593,54.98515766,15.17883173,Secondary or below,2,2,0,1,0,0,1,0,178700,221760,244960,26570,33300,36110,24030,30360,32670
29,29_2051,Dietetic Technicians,8.183170884,27.79133837,19.60816749,Secondary or below,1,1,0,0,1,0,0,1,28910,23890,32240,24100,28820,29360,22490,27060,26350
29,29_2052,Pharmacy Technicians,41.33640868,55.52564042,14.18923174,Secondary or below,2,2,0,1,0,0,1,0,207380,333500,398390,23200,29330,32170,22250,28400,30920
29,29_2053,Psychiatric Technicians,14.87098627,49.54643448,34.67544821,Secondary or below,2,1,0,0,1,0,1,0,58600,72650,61720,28060,31520,35870,25710,28710,30970
29,29_2054,Respiratory Therapy Technicians,49.50985821,60.41962108,10.90976286,Some College,3,2,0,1,0,1,0,0,26220,13570,10600,34930,46340,50520,34130,45210,49780
29,29_2055,Surgical Technologists,7.617848222,42.19845283,34.58060461,Some College,2,1,0,0,1,0,1,0,72040,92260,105720,31960,41310,46800,31210,39920,45160
29,29_2061,Licensed Practical and Licensed Vocational Nurses,30.23339323,49.94320897,19.70981574,Secondary or below,2,1,0,0,1,0,1,0,692290,730290,702400,32300,41360,44840,31440,40380,44090
29,29_2071,Medical Records and Health Information Technicians,59.37261611,59.10163402,-0.270982089,Secondary or below,2,2,0,1,0,0,1,0,145270,176090,200140,25980,35010,41460,23890,32350,38040
29,29_2081,"Opticians, Dispensing",16.55848311,48.34717122,31.78868811,Some College,2,1,0,0,1,0,1,0,61790,62200,75270,27830,34800,37860,25600,32940,35530
29,29_2091,Orthotists and Prosthetists,13.03784573,51.43903194,38.40118621,Bachelor Degree,2,1,0,0,1,0,1,0,4480,5940,7500,53410,68930,69920,46260,65060,65630
29,29_9011,Occupational Health and Safety Specialists,28.03059553,59.81033555,31.77974002,Bachelor Degree,2,1,0,0,1,0,1,0,32118.98058,44963.28361,76630,47530,65610,72480,46010,64660,70920
29,29_9091,Athletic Trainers,2.672612419,47.96420666,45.29159424,Advanced Degree,2,1,0,0,1,0,1,0,13500,16290,24130,36070,44030,47880,33820,41600,45630
31,31_1011,Home Health Aides,3.118206902,22.5808468,19.46263989,Secondary or below,1,1,0,0,1,0,0,1,569670,982840,814300,19050,21760,23600,18090,20560,22600
31,31_1013,Psychiatric Aides,13.48397227,29.54011903,16.05614676,Secondary or below,1,1,0,0,1,0,0,1,56260,64730,67410,23760,26710,28770,22970,24950,26720
31,31_1014,Nursing Assistants,19.91326921,27.66970057,7.75643136,Secondary or below,1,1,0,0,1,0,0,1,1282271.606,1399742.351,1443150,20540,25140,27650,19960,24010,26590
31,31_1015,Orderlies,19.91326921,25.83774425,5.92447504,Secondary or below,1,1,0,0,1,0,0,1,47038.39435,51347.64927,52940,20540,NA,28550,19960,NA,26690
31,31_2011,Occupational Therapy Assistants,16.60939587,47.10856356,30.49916769,Some College,2,1,0,0,1,0,1,0,17970,27720,38170,36950,51300,59530,36660,51010,59010
31,31_2012,Occupational Therapy Aides,16.60939587,34.93635765,18.32696178,Some College,2,1,0,0,1,0,1,0,8040,7180,7210,24510,31090,31840,22040,27430,28330
31,31_2021,Physical Therapist Assistants,19.73354571,43.8460359,24.11249019,Some College,2,1,0,0,1,0,1,0,50430,65960,85580,36360,49810,56850,36080,49690,56610
31,31_2022,Physical Therapist Aides,19.73354571,46.75574506,27.02219935,Secondary or below,2,1,0,0,1,0,1,0,37330,45900,50030,22120,25000,27890,20670,23680,25680
31,31_9091,Dental Assistants,40.28404948,51.9015589,11.61750943,Secondary or below,2,2,0,1,0,0,1,0,268220,294030,327290,27910,34140,37890,27240,33470,36940
31,31_9092,Medical Assistants,35.05064513,63.67833155,28.62768642,Secondary or below,3,2,0,1,0,1,0,0,361960,523260,623560,24810,29760,32850,23940,28860,31540
31,31_9093,Medical Equipment Preparers,21.11091067,50.4022559,29.29134522,Secondary or below,2,1,0,0,1,0,1,0,35490,47310,52500,23910,30350,35960,22960,29490,34400
31,31_9095,Pharmacy Aides,54.28234275,57.20406157,2.921718812,Secondary or below,2,2,0,1,0,0,1,0,58020,49580,36660,19700,22830,28420,18430,21430,25240
31,31_9096,Veterinary Assistants and Laboratory Animal Caretakers,4.409810492,45.77242341,41.36261291,Secondary or below,2,1,0,0,1,0,1,0,62740,70530,79990,18870,23660,26810,17790,22040,25250
33,33_1012,First-Line Supervisors of Police and Detectives,58.59155726,61.31181157,2.720254309,Secondary or below,3,2,0,1,0,1,0,0,109530,102200,100200,61650,80770,88400,61010,78260,84840
33,33_1021,First-Line Supervisors of Fire Fighting and Prevention Workers,20.76035034,55.60319409,34.84284375,Some College,2,1,0,0,1,0,1,0,60900,58800,57170,56750,71890,77050,55450,68240,74540
33,33_2011,Firefighters,18.50520511,40.2024766,21.69727149,Secondary or below,2,1,0,0,1,0,1,0,273850,302400,315910,37530,47730,50520,36230,45250,48030
33,33_2021,Fire Inspectors and Investigators,22.69882914,56.75519602,34.05636688,Some College,2,1,0,0,1,0,1,0,12140,13050,11910,46000,56160,61660,45010,52230,58440
33,33_3011,Bailiffs,3.070597894,40.12541869,37.0548208,Secondary or below,2,1,0,0,1,0,1,0,14390,17310,17880,34250,40910,45740,32710,38570,42670
33,33_3012,Correctional Officers and Jailers,12.64693776,54.61106274,41.96412498,Secondary or below,2,1,0,0,1,0,1,0,400190,457550,431600,34650,42780,46750,32670,39040,42820
33,33_3021,Detectives and Criminal Investigators,23.24625064,59.65868926,36.41243861,Secondary or below,2,1,0,0,1,0,1,0,88460,110640,104980,52960,73010,81490,51410,68820,78120
33,33_3031,Fish and Game Wardens,5.428101483,53.31833338,47.89023189,Bachelor Degree,2,1,0,0,1,0,1,0,7080,7240,6610,43920,55650,54760,41010,49730,51730
33,33_3041,Parking Enforcement Workers,10.43907845,54.61076741,44.17168896,Secondary or below,2,1,0,0,1,0,1,0,10180,9430,8920,29260,36130,39650,28110,35390,37950
33,33_3051,Police and Sheriff's Patrol Officers,27.07627933,62.34181893,35.2655396,Secondary or below,3,1,0,0,1,1,0,0,597650,644300,657690,43390,55620,62760,42270,53540,59680
33,33_9021,Private Detectives and Investigators,20.98091032,62.65095836,41.67004805,Bachelor Degree,3,1,0,0,1,1,0,0,31170,28210,28490,34250,47830,53530,29300,42870,48190
33,33_9032,Security Guards,28.06923503,31.37547821,3.306243177,Secondary or below,1,1,0,0,1,0,0,1,977650,1006880,1103120,21060,26870,29730,19140,23920,25770
33,33_9091,Crossing Guards,0,16.19608962,16.19608962,Secondary or below,1,1,0,0,1,0,0,1,73020,68740,72900,20370,25850,29190,18680,23610,26700
35,35_1011,Chefs and Head Cooks,3.366837689,45.60621951,42.23938182,Some College,2,1,0,0,1,0,1,0,120430,90510,134190,32000,44780,47390,27940,40630,43180
35,35_1012,First-Line Supervisors of Food Preparation and Serving Workers,14.07821232,36.03002638,21.95181405,Secondary or below,2,1,0,0,1,0,1,0,661050,773400,908550,26590,31770,34700,24390,29560,31480
35,35_2011,"Cooks, Fast Food",3.070597894,29.26893899,26.19834109,Secondary or below,1,1,0,0,1,0,0,1,582630,525350,513200,14930,18540,20570,14350,18100,19860
35,35_2012,"Cooks, Institution and Cafeteria",4.184470311,30.8369798,26.65250949,Secondary or below,1,1,0,0,1,0,0,1,416710,387700,409850,19190,24180,26370,18140,22730,24750
35,35_2014,"Cooks, Restaurant",4.945235803,18.37810592,13.43287012,Secondary or below,1,1,0,0,1,0,0,1,715520,901310,1217370,19850,23260,25430,19050,22140,24140
35,35_2015,"Cooks, Short Order",3.070597894,17.09733933,14.02674144,Secondary or below,1,1,0,0,1,0,0,1,223030,171780,183990,17130,21030,23130,16270,19580,21890
35,35_2021,Food Preparation Workers,0,14.95302929,14.95302929,Secondary or below,1,1,0,0,1,0,0,1,836540,802650,850670,17200,20660,22920,16330,19100,21440
35,35_3011,Bartenders,17.75615831,29.31237566,11.55621736,Secondary or below,1,1,0,0,1,0,0,1,453390,495350,603320,16900,21310,25580,15000,18680,20800
35,35_3021,"Combined Food Preparation and Serving Workers, Including Fast Food",27.36637432,26.72676502,-0.639609298,Secondary or below,1,1,0,0,1,0,0,1,2000070,2692170,3426090,15150,18610,20460,14500,17950,19440
35,35_3022,"Counter Attendants, Cafeteria, Food Concession, and Coffee Shop",2.672612419,33.30577964,30.63316722,Secondary or below,2,1,0,0,1,0,1,0,466270,446660,499550,16090,19280,21380,15230,18370,19970
35,35_3031,Waiters and Waitresses,22.27997275,36.56912113,14.28914838,Secondary or below,2,1,0,0,1,0,1,0,2086120,2244480,2564610,15770,20790,24410,14150,18330,19990
35,35_3041,"Food Servers, Nonrestaurant",7.705517504,11.78561999,4.08010249,Secondary or below,1,1,0,0,1,0,0,1,193980,205330,261520,17070,21640,23490,15640,19430,21240
35,35_9011,Dining Room and Cafeteria Attendants and Bartender Helpers,0,31.92395826,31.92395826,Secondary or below,1,1,0,0,1,0,0,1,404210,390920,423080,15330,19320,22340,14530,18190,20200
35,35_9021,Dishwashers,0,20.32195897,20.32195897,Secondary or below,1,1,0,0,1,0,0,1,499070,505950,506450,15410,18680,21260,14860,18150,20800
35,35_9031,"Hosts and Hostesses, Restaurant, Lounge, and Coffee Shop",14.16193943,21.92949095,7.767551516,Secondary or below,1,1,0,0,1,0,0,1,295170,329020,404360,16130,19600,21410,15310,18450,19980
37,37_1011,First-Line Supervisors of Housekeeping and Janitorial Workers,10.14729687,34.96515529,24.81785842,Secondary or below,2,1,0,0,1,0,1,0,204710,172610,161140,30430,37480,41240,28140,35090,38190
37,37_1012,"First-Line Supervisors of Landscaping, Lawn Service, and Groundskeeping Workers",11.95917947,44.44505183,32.48587236,Some College,2,1,0,0,1,0,1,0,95600,100630,103070,36220,44730,48790,33050,41860,45740
37,37_2011,"Janitors and Cleaners, Except Maids and Housekeeping Cleaners",3.443420227,17.51666317,14.07324295,Secondary or below,1,1,0,0,1,0,0,1,2052090,2058610,2161740,20150,24560,27030,18250,22210,24190
37,37_2012,Maids and Housekeeping Cleaners,0,13.72360079,13.72360079,Secondary or below,1,1,0,0,1,0,0,1,912340,865960,924640,17330,21150,23830,16440,19300,21820
37,37_2021,Pest Control Workers,2.171240593,25.88870933,23.71746874,Secondary or below,1,1,0,0,1,0,0,1,57370,62490,72830,26180,32480,35020,24760,30340,33040
37,37_3011,Landscaping and Groundskeeping Workers,0,16.01346743,16.01346743,Secondary or below,1,1,0,0,1,0,0,1,792170,829350,906570,21490,25430,28560,19770,23400,26320
37,37_3012,"Pesticide Handlers, Sprayers, and Applicators, Vegetation",0,30.58506688,30.58506688,Secondary or below,1,1,0,0,1,0,0,1,22000,23200,25230,25960,31470,35720,24830,29890,33740
39,39_1011,Gaming Supervisors,13.52881539,42.26686088,28.73804549,Secondary or below,2,1,0,0,1,0,1,0,25610,22960,22130,40180,49270,50810,39290,48530,50520
39,39_1021,First-Line Supervisors of Personal Service Workers,11.17563721,44.38560162,33.20996442,Some College,2,1,0,0,1,0,1,0,106680,131800,190420,32130,38430,39830,28960,35290,36700
39,39_2011,Animal Trainers,0,36.30221466,36.30221466,Secondary or below,2,1,0,0,1,0,1,0,6780,9740,13590,27210,31110,34580,22950,26580,27690
39,39_2021,Nonfarm Animal Caretakers,10.69044968,19.71117464,9.020724966,Secondary or below,1,1,0,0,1,0,0,1,86700,135070,187360,18750,22070,24420,17080,19550,21990
39,39_3011,Gaming Dealers,18.49902217,16.50871087,-1.990311297,Secondary or below,1,1,0,0,1,0,0,1,75690,85430,94570,16270,21820,21990,14090,18090,19290
39,39_3012,Gaming and Sports Book Writers and Runners,18.49902217,36.9656257,18.46660353,Secondary or below,2,1,0,0,1,0,1,0,13820,13450,11460,20700,24060,25710,18660,20850,22600
39,39_3031,"Ushers, Lobby Attendants, and Ticket Takers",7.116476396,33.92373869,26.8072623,Secondary or below,2,1,0,0,1,0,1,0,106050,107200,117920,16490,20290,21740,14600,18560,19920
39,39_3091,Amusement and Recreation Attendants,14.82984904,42.22942032,27.39957128,Secondary or below,2,1,0,0,1,0,1,0,225100,254630,286740,16360,19750,22000,14920,18450,20160
39,39_3092,Costume Attendants,2.672612419,32.61569507,29.94308265,Secondary or below,1,1,0,0,1,0,0,1,3660,5490,6640,26890,34580,50470,24160,29150,45900
39,39_3093,"Locker Room, Coatroom, and Dressing Room Attendants",9.974325337,15.44172332,5.467397985,Secondary or below,1,1,0,0,1,0,0,1,21660,17280,18040,17780,21700,24390,16930,19450,21720
39,39_4011,Embalmers,4.945235803,39.53888701,34.59365121,Some College,2,1,0,0,1,0,1,0,6790,6780,3710,36160,44280,42260,34240,43480,40150
39,39_4021,Funeral Attendants,0,36.89924497,36.89924497,Secondary or below,2,1,0,0,1,0,1,0,25950,29810,35770,19800,24590,27110,18190,22990,24830
39,39_5012,"Hairdressers, Hairstylists, and Cosmetologists",12.28045649,36.00801503,23.72755854,Secondary or below,2,1,0,0,1,0,1,0,330730,349420,352380,22110,26510,29590,18960,22760,24260
39,39_5092,Manicurists and Pedicurists,0,22.67799331,22.67799331,Secondary or below,1,1,0,0,1,0,0,1,31350,51990,90630,18810,22060,24330,17330,19650,22150
39,39_6011,Baggage Porters and Bellhops,5.743210313,28.93982756,23.19661725,Secondary or below,1,1,0,0,1,0,0,1,57650,44740,44750,22440,23720,24910,17860,20270,22260
39,39_7011,Tour Guides and Escorts,18.66025404,30.68255305,12.02229901,Secondary or below,1,1,0,0,1,0,0,1,28480,29690,38660,20040,26090,28100,18500,23290,24920
39,39_9011,Childcare Workers,7.599342077,18.34588273,10.74654065,Secondary or below,1,1,0,0,1,0,0,1,456260,611280,569370,17310,21110,22930,16350,19300,21170
39,39_9021,Personal Care Aides,16.38952237,14.36557248,-2.023949888,Secondary or below,1,1,0,0,1,0,0,1,451040,686030,1492250,16790,20420,22710,16250,19640,21920
39,39_9031,Fitness Trainers and Aerobics Instructors,16.85332351,32.90973426,16.05641075,Secondary or below,1,1,0,0,1,0,0,1,169920,225490,257410,29910,35920,42780,23950,31090,38160
39,39_9032,Recreation Workers,21.29637624,40.37804608,19.08166983,Bachelor Degree,2,1,0,0,1,0,1,0,267930,293430,336880,20580,25270,27230,18060,22260,23870
39,39_9041,Residential Advisors,4.409810492,47.02513135,42.61532086,Bachelor Degree,2,1,0,0,1,0,1,0,48530,65610,110330,22410,26400,27690,20700,24440,25570
41,41_1011,First-Line Supervisors of Retail Sales Workers,36.22386597,36.99913113,0.775265161,Secondary or below,2,2,0,1,0,0,1,0,1197190,1172070,1194220,34770,39890,43910,29700,35820,39040
41,41_1012,First-Line Supervisors of Non-Retail Sales Workers,22.63050411,59.57312481,36.9426207,Bachelor Degree,2,1,0,0,1,0,1,0,325450,244320,252670,64270,81120,85830,53020,68880,73150
41,41_2011,Cashiers,35.29493783,35.62146511,0.326527283,Secondary or below,2,2,0,1,0,0,1,0,3375510,3354170,3541010,16680,19810,21680,15420,18500,20180
41,41_2021,Counter and Rental Clerks,26.93167252,56.5370665,29.60539399,Secondary or below,2,1,0,0,1,0,1,0,425380,414730,450330,20040,25620,29390,17280,22100,25550
41,41_2022,Parts Salespersons,35.86626888,58.50160788,22.63533901,Secondary or below,2,2,0,1,0,0,1,0,243170,201610,248740,26670,31380,33220,23950,28860,29780
41,41_2031,Retail Salespersons,34.93157533,45.62453466,10.69295933,Secondary or below,2,2,0,1,0,0,1,0,3894760,4155190,4528550,21750,25000,27180,17710,20670,22680
41,41_3011,Advertising Sales Agents,32.64178313,55.34456479,22.70278167,Bachelor Degree,2,1,0,0,1,0,1,0,141360,145160,141100,47610,55020,63660,37670,45350,50380
41,41_3021,Insurance Sales Agents,58.86701174,50.75330734,-8.1137044,Bachelor Degree,2,2,0,1,0,0,1,0,274830,318800,385700,53800,62520,67760,40750,46770,49990
41,41_3031,"Securities, Commodities, and Financial Services Sales Agents",33.74133266,67.09687695,33.35554429,Bachelor Degree,3,2,0,1,0,1,0,0,254600,276290,353780,85710,95130,102260,60990,70190,67310
41,41_3041,Travel Agents,57.35065224,64.08231682,6.731664582,Some College,3,2,0,1,0,1,0,0,104550,70930,68680,28370,33950,39900,26630,31870,36460
41,41_4011,"Sales Representatives, Wholesale and Manufacturing, Technical and Scientific Products",23.99113208,49.02992948,25.0387974,Some College,2,1,0,0,1,0,1,0,371580,381080,328370,63460,84360,92910,55740,73710,78980
41,41_4012,"Sales Representatives, Wholesale and Manufacturing, Except Technical and Scientific Products",30.96072222,48.42141274,17.46069052,Bachelor Degree,2,1,0,0,1,0,1,0,1375380,1367210,1404050,51130,62720,68410,42730,52440,57140
41,41_9011,Demonstrators and Product Promoters,21.62188866,31.22146783,9.599579168,Secondary or below,1,1,0,0,1,0,0,1,101420,75790,86500,25360,27630,30570,20380,23110,25610
41,41_9021,Real Estate Brokers,54.14613823,58.74106469,4.594926462,Bachelor Degree,2,2,0,1,0,0,1,0,40810,41210,40850,72130,76060,79340,50330,54910,56790
41,41_9022,Real Estate Sales Agents,30.77719169,59.88787708,29.1106854,Secondary or below,2,1,0,0,1,0,1,0,125960,153740,151840,42470,52490,59360,30930,40030,44090
41,41_9031,Sales Engineers,43.89202245,74.56564523,30.67362278,Bachelor Degree,3,2,0,1,0,1,0,0,79300,66060,74330,69200,94760,108880,63660,87390,1.00E+05
43,43_1011,First-Line Supervisors of Office and Administrative Support Workers,39.05347592,63.8612121,24.80773618,Bachelor Degree,3,2,0,1,0,1,0,0,1400240,1359950,1443150,42060,50770,57890,38820,47460,54340
43,43_2011,"Switchboard Operators, Including Answering Service",36.03930333,57.59194806,21.55264473,Secondary or below,2,2,0,1,0,0,1,0,226890,138200,90910,21970,26280,29720,21190,24920,28030
43,43_3011,Bill and Account Collectors,34.77604674,60.49322474,25.717178,Secondary or below,3,2,0,1,0,1,0,0,407280,399950,298960,28330,33100,37620,26780,31310,35350
43,43_3021,Billing and Posting Clerks,43.41177607,59.41417425,16.00239818,Secondary or below,2,2,0,1,0,0,1,0,491000,483440,485220,27120,33270,37570,26110,32170,36150
43,43_3031,"Bookkeeping, Accounting, and Auditing Clerks",51.51713197,57.22674435,5.709612371,Secondary or below,2,2,0,1,0,0,1,0,1728730,1675250,1566960,28650,35340,40220,27380,34030,38390
43,43_3041,Gaming Cage Workers,45.93994534,48.80678305,2.86683771,Secondary or below,2,2,0,1,0,0,1,0,18320,15640,18810,22400,26950,28120,21780,25690,25990
43,43_3051,Payroll and Timekeeping Clerks,31.89854683,55.8940789,23.99553207,Secondary or below,2,1,0,0,1,0,1,0,191500,180280,159650,30150,37070,43580,29000,36330,42390
43,43_3061,Procurement Clerks,29.75208403,61.19987931,31.44779529,Some College,3,1,0,0,1,1,0,0,73570,73650,72120,30380,37150,41980,29600,36790,41410
43,43_3071,Tellers,46.91349044,59.41338161,12.49989117,Secondary or below,2,2,0,1,0,0,1,0,526750,556310,496760,20750,24980,28060,20400,24100,27260
43,43_4011,Brokerage Clerks,44.85790843,58.58227603,13.72436761,Bachelor Degree,2,2,0,1,0,0,1,0,75480,57600,59820,35540,42640,52380,33210,40160,49200
43,43_4021,Correspondence Clerks,35.8964668,56.77426451,20.87779771,Secondary or below,2,2,0,1,0,0,1,0,32160,9470,6780,27060,34440,37660,25960,33410,36370
43,43_4031,"Court, Municipal, and License Clerks",26.00109476,57.43584114,31.43474638,Secondary or below,2,1,0,0,1,0,1,0,99010,123510,128620,29210,36170,39160,27300,34390,36670
43,43_4051,Customer Service Representatives,24.96959726,60.56759303,35.59799577,Some College,3,1,0,0,1,1,0,0,1854750,2146120,2707040,28240,32780,35170,26240,30460,32300
43,43_4061,"Eligibility Interviewers, Government Programs",24.71309499,54.04665248,29.33355748,Secondary or below,2,1,0,0,1,0,1,0,89400,118920,135940,32440,40900,43550,31010,39960,43350
43,43_4071,File Clerks,33.22714739,58.98560393,25.75845653,Secondary or below,2,2,0,1,0,0,1,0,258680,174910,130950,21190,26800,31260,20020,25090,29090
43,43_4081,"Hotel, Motel, and Resort Desk Clerks",41.2545935,55.73950343,14.48490992,Secondary or below,2,2,0,1,0,0,1,0,176140,222540,248440,18110,21430,23530,17370,19930,22070
43,43_4111,"Interviewers, Except Eligibility and Loan",41.92198554,45.81415714,3.892171605,Secondary or below,2,2,0,1,0,0,1,0,190390,204730,186030,23020,30120,33640,21690,28820,32150
43,43_4121,"Library Assistants, Clerical",39.21836878,64.79624896,25.57788019,Secondary or below,3,2,0,1,0,1,0,0,113760,110210,98560,20880,25120,27450,19450,23120,25220
43,43_4141,New Accounts Clerks,51.8076562,63.87820186,12.07054565,Secondary or below,3,2,0,1,0,1,0,0,97770,67170,41630,26620,31540,36480,25200,30440,34990
43,43_4151,Order Clerks,33.13189638,63.66588403,30.53398765,Secondary or below,3,2,0,1,0,1,0,0,327120,211370,176850,26350,30320,35160,24810,28710,33370
43,43_4161,"Human Resources Assistants, Except Payroll and Timekeeping",46.97805367,61.12119593,14.14314226,Some College,3,2,0,1,0,1,0,0,167480,150090,137150,31530,37900,40100,30410,36800,39020
43,43_4171,Receptionists and Information Clerks,55.41942767,59.52714211,4.10771444,Secondary or below,2,2,0,1,0,0,1,0,1063020,997080,997770,21970,26260,29120,21150,25240,27920
43,43_4181,Reservation and Transportation Ticket Agents and Travel Clerks,39.55688851,68.46528175,28.90839324,Secondary or below,3,2,0,1,0,1,0,0,174170,121250,146350,28670,32640,38050,25350,31740,35230
43,43_5011,Cargo and Freight Agents,24.63856351,58.71335981,34.0747963,Secondary or below,2,1,0,0,1,0,1,0,59440,81390,88920,33350,39020,44250,31410,37150,41920
43,43_5021,Couriers and Messengers,9.819805061,22.57236596,12.7525609,Secondary or below,1,1,0,0,1,0,0,1,120900,85620,74120,20720,26100,29920,19390,24080,28170
43,43_5031,"Police, Fire, and Ambulance Dispatchers",50.83820667,67.2074414,16.36923472,Secondary or below,3,2,0,1,0,1,0,0,89280,97740,95170,28900,36900,41070,27660,35370,38870
43,43_5032,"Dispatchers, Except Police, Fire, and Ambulance",25.26143035,62.88768489,37.62625454,Secondary or below,3,1,0,0,1,1,0,0,168380,180540,197910,32660,37430,41190,30280,34560,37940
43,43_5041,"Meter Readers, Utilities",16.4055661,47.74059897,31.33503288,Secondary or below,2,1,0,0,1,0,1,0,52510,40160,34070,30660,36800,41890,28830,34820,38940
43,43_5051,Postal Service Clerks,28.22875656,52.45331549,24.22455894,Secondary or below,2,1,0,0,1,0,1,0,79760,67320,82030,38930,52520,48360,39700,53100,56790
43,43_5052,Postal Service Mail Carriers,6.116032646,21.81065481,15.69462216,Secondary or below,1,1,0,0,1,0,0,1,347420,324990,328950,39110,50250,50610,39530,53860,58110
43,43_5061,"Production, Planning, and Expediting Clerks",35.61241374,57.31140668,21.69899294,Secondary or below,2,2,0,1,0,0,1,0,279640,266170,321780,35080,44070,49050,33650,42220,46760
43,43_5071,"Shipping, Receiving, and Traffic Clerks",21.99361954,51.79523486,29.80161532,Secondary or below,2,1,0,0,1,0,1,0,792470,687850,676990,24990,30070,33150,23420,28370,31180
43,43_5081,Stock Clerks and Order Fillers,21.27488799,36.37342771,15.09853971,Secondary or below,2,1,0,0,1,0,1,0,1608230,1795970,2016340,21240,23790,26670,19270,21290,23840
43,43_6011,Executive Secretaries and Executive Administrative Assistants,44.65278036,58.77825129,14.12547093,Some College,2,2,0,1,0,0,1,0,1407950,1132070,631610,35050,45860,57910,33410,43520,55860
43,43_6012,Legal Secretaries,54.11204096,67.33979739,13.22775642,Secondary or below,3,2,0,1,0,1,0,0,259010,228700,191200,36580,43270,47900,35020,41500,44180
43,43_6013,Medical Secretaries,61.07352908,62.76625333,1.692724244,Some College,3,3,1,0,0,1,0,0,336200,494650,556820,26690,31820,35060,25430,30530,33730
43,43_6014,"Secretaries and Administrative Assistants, Except Legal, Medical, and Executive",54.65884931,61.93257714,7.273727826,Secondary or below,3,2,0,1,0,1,0,0,1796480,1841020,2295510,26390,32000,36140,25290,30830,34820
43,43_9011,Computer Operators,76.85359399,79.20041708,2.346823081,Some College,3,3,1,0,0,1,0,0,172640,82410,46810,31640,38340,43880,29650,36930,42270
43,43_9031,Desktop Publishers,73.02486017,74.33416854,1.309308374,Some College,3,3,1,0,0,1,0,0,34280,20060,13090,33730,39060,44380,31620,36610,41090
43,43_9041,Insurance Claims and Policy Processing Clerks,34.59669158,57.30671273,22.71002115,Secondary or below,2,2,0,1,0,0,1,0,252590,231570,274350,31090,36390,40780,28870,34760,38430
43,43_9051,"Mail Clerks and Mail Machine Operators, Except Postal Service",12.54445253,37.90829383,25.3638413,Secondary or below,2,1,0,0,1,0,1,0,161850,119960,91530,22130,27530,30580,21190,26090,29160
43,43_9061,"Office Clerks, General",53.15399121,54.6618736,1.507882395,Secondary or below,2,2,0,1,0,0,1,0,2857300,2789590,2955550,23540,28240,33010,22280,26610,30580
43,43_9081,Proofreaders and Copy Markers,27.20581982,50.96088836,23.75506854,Bachelor Degree,2,1,0,0,1,0,1,0,25310,12770,11430,26240,33550,39640,24280,31360,36960
43,43_9111,Statistical Assistants,63.4067908,74.17214472,10.76535392,Bachelor Degree,3,3,1,0,0,1,0,0,22330,15490,10900,31190,37090,48300,29470,34530,46850
45,45_1011,"First-Line Supervisors of Farming, Fishing, and Forestry Workers",10.7717541,35.12764978,24.35589568,Secondary or below,2,1,0,0,1,0,1,0,20910,19540,19550,36970,45040,48820,34170,41800,45320
45,45_2011,Agricultural Inspectors,18.66025404,53.76827527,35.10802123,Secondary or below,2,1,0,0,1,0,1,0,13760,13560,14710,31380,42340,44260,28620,41670,42800
45,45_2092,"Farmworkers and Laborers, Crop, Nursery, and Greenhouse",1.535298947,15.59187434,14.05657539,Secondary or below,1,1,0,0,1,0,0,1,218020,228600,273450,16340,20040,23820,15070,18690,22000
45,45_4011,Forest and Conservation Workers,0,55.76936203,55.76936203,Bachelor Degree,2,1,0,0,1,0,1,0,9140,7040,7170,22730,27740,31200,18960,23900,26940
47,47_1011,First-Line Supervisors of Construction Trades and Extraction Workers,8.260431022,55.11653053,46.85609951,Secondary or below,2,1,0,0,1,0,1,0,508620,474510,538220,50960,62260,68040,47670,58680,62980
47,47_2011,Boilermakers,3.838247368,27.17419706,23.33594969,Secondary or below,1,1,0,0,1,0,0,1,24560,19030,16660,42550,55750,62200,41960,54640,62060
47,47_2021,Brickmasons and Blockmasons,0,15.08495831,15.08495831,Secondary or below,1,1,0,0,1,0,0,1,109900,68520,64370,42600,50110,53440,41840,46930,49250
47,47_2031,Carpenters,0,23.73577827,23.73577827,Secondary or below,1,1,0,0,1,0,0,1,856750,620410,676980,36840,43890,48340,34190,39530,43600
47,47_2041,Carpet Installers,0,11.86901527,11.86901527,Secondary or below,1,1,0,0,1,0,0,1,38320,25580,25660,34920,40320,44310,32590,36090,38280
47,47_2044,Tile and Marble Setters,0,9.777322543,9.777322543,Secondary or below,1,1,0,0,1,0,0,1,33550,31670,36830,37740,41830,44770,35770,38110,40460
47,47_2051,Cement Masons and Concrete Finishers,5.444508947,17.29324742,11.84873848,Secondary or below,1,1,0,0,1,0,0,1,177930,140950,173920,33800,39290,43720,30660,35450,39180
47,47_2053,Terrazzo Workers and Finishers,5.444508947,10.07990662,4.635397672,Secondary or below,1,1,0,0,1,0,0,1,6130,3640,3420,30830,41530,45990,27910,38720,40930
47,47_2061,Construction Laborers,1.889822365,17.16231624,15.27249388,Secondary or below,1,1,0,0,1,0,0,1,830860,777700,912100,28570,33590,37890,24740,29280,33430
47,47_2071,"Paving, Surfacing, and Tamping Equipment Operators",1.889822365,21.8287062,19.93888384,Secondary or below,1,1,0,0,1,0,0,1,58760,51830,51880,32490,38020,43800,28860,34150,38970
47,47_2073,Operating Engineers and Other Construction Equipment Operators,3.043582241,26.05752094,23.0139387,Secondary or below,1,1,0,0,1,0,0,1,343710,334730,356750,38320,44830,50560,35240,40400,45890
47,47_2081,Drywall and Ceiling Tile Installers,0.755928946,14.06990072,13.31397177,Secondary or below,1,1,0,0,1,0,0,1,111600,82320,93180,36350,41570,47400,33710,37320,41090
47,47_2082,Tapers,0,2.344423243,2.344423243,Secondary or below,1,1,0,0,1,0,0,1,33320,17690,18480,40550,48560,53790,39000,45490,48990
47,47_2111,Electricians,42.5524886,37.028419,-5.5240696,Secondary or below,2,2,0,1,0,0,1,0,593010,514760,607120,43910,51810,56650,41390,48250,52720
47,47_2121,Glaziers,0,16.99556893,16.99556893,Secondary or below,1,1,0,0,1,0,0,1,46950,40880,47140,34660,40540,47260,31620,36640,41920
47,47_2131,"Insulation Workers, Floor, Ceiling, and Wall",0,14.39940881,14.39940881,Secondary or below,1,1,0,0,1,0,0,1,26886.2075,14601.90241,29500,32500,36120,39490,28930,31830,35660
47,47_2141,"Painters, Construction and Maintenance",0,29.94198966,29.94198966,Secondary or below,1,1,0,0,1,0,0,1,257140,189840,217280,31620,37610,41510,29070,34280,37570
47,47_2151,Pipelayers,0,19.39177053,19.39177053,Secondary or below,1,1,0,0,1,0,0,1,52380,45320,39620,31740,38230,42860,28500,34800,38410
47,47_2152,"Plumbers, Pipefitters, and Steamfitters",0,12.86394836,12.86394836,Secondary or below,1,1,0,0,1,0,0,1,438560,358790,411870,42630,50360,56030,40170,46660,51450
47,47_2161,Plasterers and Stucco Masons,0,20.03784825,20.03784825,Secondary or below,1,1,0,0,1,0,0,1,54290,26430,22810,35500,41080,44070,33100,37210,38890
47,47_2171,Reinforcing Iron and Rebar Workers,0,17.32871508,17.32871508,Secondary or below,1,1,0,0,1,0,0,1,29540,19590,20020,40640,44690,53600,36740,38430,47600
47,47_2181,Roofers,0,22.07329724,22.07329724,Secondary or below,1,1,0,0,1,0,0,1,117140,99280,116410,33020,37880,42080,30180,34220,37760
47,47_2211,Sheet Metal Workers,43.85368098,26.56524843,-17.28843255,Secondary or below,1,2,0,1,0,0,0,1,197110,131600,134450,37620,45710,51080,34560,41710,46940
47,47_2221,Structural Iron and Steel Workers,5.428101483,8.564845634,3.13674415,Secondary or below,1,1,0,0,1,0,0,1,74700,58460,69440,42360,48710,56040,40660,44540,51800
47,47_3011,"Helpers--Brickmasons, Blockmasons, Stonemasons, and Tile and Marble Setters",0,8.913159323,8.913159323,Secondary or below,1,1,0,0,1,0,0,1,60740,31160,23950,27170,30470,33610,24390,27780,30570
47,47_3012,Helpers--Carpenters,2.171240593,19.66338324,17.49214264,Secondary or below,1,1,0,0,1,0,0,1,97900,46910,35890,22670,26890,30200,21510,25760,28810
47,47_3013,Helpers--Electricians,24.27520781,13.09167567,-11.18353215,Secondary or below,1,1,0,0,1,0,0,1,97690,72390,71890,24540,28300,30980,23090,27220,29530
47,47_3015,"Helpers--Pipelayers, Plumbers, Pipefitters, and Steamfitters",0,21.83870821,21.83870821,Secondary or below,1,1,0,0,1,0,0,1,78570,57660,54080,23510,27950,30640,22230,26740,29030
47,47_4011,Construction and Building Inspectors,16.93469573,48.6325504,31.69785467,Some College,2,1,0,0,1,0,1,0,75190,89270,94960,43070,54320,61250,41620,52360,58480
47,47_4041,Hazardous Materials Removal Workers,4.960420259,33.30306108,28.34264082,Secondary or below,2,1,0,0,1,0,1,0,37350,36910,44280,35610,40800,45500,32460,37600,40640
47,47_4051,Highway Maintenance Workers,3.77964473,31.78986371,28.01021898,Secondary or below,1,1,0,0,1,0,0,1,146290,142530,143320,29250,35830,39540,28390,34780,38130
47,47_4061,Rail-Track Laying and Maintenance Equipment Operators,4.724555913,24.68215512,19.95759921,Secondary or below,1,1,0,0,1,0,0,1,10450,15520,14250,34840,46230,52810,35160,45970,53970
47,47_5013,"Service Unit Operators, Oil, Gas, and Mining",4.945235803,34.83440841,29.88917261,Secondary or below,2,1,0,0,1,0,1,0,12310,36620,42890,31480,42810,53520,28670,38920,48610
47,47_5041,Continuous Mining Machine Operators,3.838247368,21.01912982,17.18088245,Secondary or below,1,1,0,0,1,0,0,1,8100,13060,12030,35490,48300,52650,34850,48750,51840
47,47_5071,"Roustabouts, Oil and Gas",0,14.60336227,14.60336227,Secondary or below,1,1,0,0,1,0,0,1,31960,48880,51290,24160,34020,40480,22280,31770,37340
49,49_1011,"First-Line Supervisors of Mechanics, Installers, and Repairers",15.96803469,59.60129353,43.63325884,Secondary or below,2,1,0,0,1,0,1,0,433640,415900,453330,50030,61350,66730,47580,59150,63540
49,49_2011,"Computer, Automated Teller, and Office Machine Repairers",59.20075229,72.45247316,13.25172087,Some College,3,2,0,1,0,1,0,0,135380,110320,102170,34810,39080,39410,33250,37280,37100
49,49_2021,"Radio, Cellular, and Tower Equipment Installers and Repairers",37.33011169,70.0063518,32.67624011,Some College,3,2,0,1,0,1,0,0,6960,9590,14120,38210,42090,53620,36230,39740,52480
49,49_2091,Avionics Technicians,48.93421427,73.67593743,24.74172316,Secondary or below,3,2,0,1,0,1,0,0,21710,18320,17330,42410,52050,61390,42030,52320,60760
49,49_2094,"Electrical and Electronics Repairers, Commercial and Industrial Equipment",58.13498429,72.53370596,14.39872167,Secondary or below,3,2,0,1,0,1,0,0,82320,67550,67390,40760,52120,56990,41110,51820,56250
49,49_2096,"Electronic Equipment Installers and Repairers, Motor Vehicles",35.62279126,66.77802688,31.15523562,Secondary or below,3,2,0,1,0,1,0,0,15200,15630,11750,27600,30460,34200,26010,28450,32220
49,49_3011,Aircraft Mechanics and Service Technicians,14.06107894,53.45608182,39.39500289,Secondary or below,2,1,0,0,1,0,1,0,125850,117510,128570,43620,53280,61190,43070,53420,60170
49,49_3021,Automotive Body and Related Repairers,13.51017478,37.89210457,24.38192979,Secondary or below,2,1,0,0,1,0,1,0,175370,129730,143940,35200,41270,45180,32680,38130,41540
49,49_3022,Automotive Glass Installers and Repairers,2.171240593,27.31421316,25.14297257,Secondary or below,1,1,0,0,1,0,0,1,19710,14020,18610,28050,34120,36140,26890,33160,34340
49,49_3023,Automotive Service Technicians and Mechanics,38.59786635,55.20807796,16.61021161,Secondary or below,2,2,0,1,0,0,1,0,687380,587510,647380,32830,38200,41400,30590,35790,38470
49,49_3031,Bus and Truck Mechanics and Diesel Engine Specialists,17.17850602,47.58062357,30.40211755,Secondary or below,2,1,0,0,1,0,1,0,254470,222770,254280,35380,42250,46710,34380,40850,45170
49,49_3041,Farm Equipment Mechanics and Service Technicians,18.70828693,50.72153591,32.01324898,Secondary or below,2,1,0,0,1,0,1,0,32330,30300,35110,27950,34680,39310,27100,33640,37820
49,49_3042,"Mobile Heavy Equipment Mechanics, Except Engines",5.921668384,49.29067926,43.36901087,Secondary or below,2,1,0,0,1,0,1,0,113340,108540,123570,36790,46140,50810,35970,44830,49370
49,49_3051,Motorboat Mechanics and Service Technicians,8.183170884,51.54846054,43.36528966,Secondary or below,2,1,0,0,1,0,1,0,18550,16850,20260,30310,37360,40860,29050,35600,38780
49,49_3052,Motorcycle Mechanics,10.26682707,52.30460297,42.0377759,Secondary or below,2,1,0,0,1,0,1,0,13030,14750,16000,28690,33950,37040,27100,31980,34720
49,49_3091,Bicycle Repairers,0,38.3046476,38.3046476,Secondary or below,2,1,0,0,1,0,1,0,7000,9530,12560,20000,24490,28520,19230,23660,27630
49,49_3092,Recreational Vehicle Service Technicians,9.401747558,34.54196876,25.1402212,Secondary or below,2,1,0,0,1,0,1,0,12490,9540,13520,28530,34900,38040,27080,32570,36430
49,49_3093,Tire Repairers and Changers,7.795153807,36.72573361,28.9305798,Secondary or below,2,1,0,0,1,0,1,0,81560,94120,109350,21730,24920,27150,20160,23170,25040
49,49_9011,Mechanical Door Repairers,11.33893419,33.46676983,22.12783564,Secondary or below,2,1,0,0,1,0,1,0,10730,13240,19840,32080,37780,40420,29190,35780,38480
49,49_9021,"Heating, Air Conditioning, and Refrigeration Mechanics and Installers",8.267837859,50.27451082,42.00667296,Secondary or below,2,1,0,0,1,0,1,0,206870,224320,294730,36430,44860,48320,34900,42530,45910
49,49_9041,Industrial Machinery Mechanics,48.94154307,45.42833135,-3.513211721,Secondary or below,2,2,0,1,0,0,1,0,179640,275370,334490,39410,47100,51890,37980,45420,50040
49,49_9043,"Maintenance Workers, Machinery",9.207746214,37.86688643,28.65914022,Secondary or below,2,1,0,0,1,0,1,0,90500,69480,89630,33750,40310,46000,32520,38460,44550
49,49_9044,Millwrights,28.50901242,34.39734418,5.888331757,Secondary or below,2,1,0,0,1,0,1,0,67900,36670,39670,42630,49820,53950,41990,48360,52440
49,49_9051,Electrical Power-Line Installers and Repairers,20.70196678,36.95398028,16.2520135,Secondary or below,2,1,0,0,1,0,1,0,96040,105540,117670,47170,57510,67160,48530,58030,68010
49,49_9052,Telecommunications Line Installers and Repairers,24.65736039,55.52849818,30.87113779,Secondary or below,2,1,0,0,1,0,1,0,156160,156350,100080,39560,50080,54700,39640,50850,52590
49,49_9061,Camera and Photographic Equipment Repairers,24.71215844,58.42022593,33.70806749,Secondary or below,2,1,0,0,1,0,1,0,5220,2810,3760,32390,41220,43920,31390,37180,41060
49,49_9062,Medical Equipment Repairers,39.67503562,65.82914212,26.1541065,Secondary or below,3,2,0,1,0,1,0,0,21770,32980,43370,38250,46380,50910,36380,44490,48070
49,49_9063,Musical Instrument Repairers and Tuners,4.32296866,39.54550468,35.22253602,Secondary or below,2,1,0,0,1,0,1,0,4870,5650,7980,33210,34830,37690,29440,31760,35010
49,49_9071,"Maintenance and Repair Workers, General",23.09313959,31.92328407,8.830144475,Secondary or below,1,1,0,0,1,0,0,1,1212620,1217820,1332480,31010,36630,39360,29370,34730,36940
49,49_9092,Commercial Divers,5.163090719,29.7446194,24.58152868,Secondary or below,1,1,0,0,1,0,0,1,2930,3720,3370,45620,56400,53990,34710,51360,49090
49,49_9094,Locksmiths and Safe Repairers,12.17432896,51.87322516,39.6988962,Secondary or below,2,1,0,0,1,0,1,0,18970,15850,18640,30250,37550,42180,28430,35550,40420
49,49_9098,"Helpers--Installation, Maintenance, and Repair Workers",14.56713619,35.13880405,20.57166786,Secondary or below,2,1,0,0,1,0,1,0,148770,123220,118720,23560,26620,29370,21440,24260,27510
51,51_1011,First-Line Supervisors of Production and Operating Workers,28.22855531,47.88030995,19.65175465,Secondary or below,2,1,0,0,1,0,1,0,700490,555260,610480,45920,56170,61450,42930,53090,57780
51,51_2011,"Aircraft Structure, Surfaces, Rigging, and Systems Assemblers",6.84976887,48.42193806,41.57216919,Secondary or below,2,1,0,0,1,0,1,0,25690,36320,42010,37810,45230,52530,38910,44820,50050
51,51_2022,Electrical and Electronic Equipment Assemblers,60.35777336,35.35223687,-25.00553649,Secondary or below,2,3,1,0,0,0,1,0,267030,180440,218530,24640,31110,33700,22940,29100,31310
51,51_2031,Engine and Other Machine Assemblers,20.87952753,37.19878127,16.31925374,Secondary or below,2,1,0,0,1,0,1,0,49280,33310,38150,31050,38990,43090,29170,36310,41210
51,51_2041,Structural Metal Fabricators and Fitters,4.314167144,22.94826519,18.63409805,Secondary or below,1,1,0,0,1,0,0,1,87020,79540,77270,29990,35900,40000,28620,34530,37730
51,51_3011,Bakers,4.409810492,30.29464459,25.8848341,Secondary or below,1,1,0,0,1,0,0,1,161820,140790,180450,22120,25350,27110,20580,23450,25090
51,51_3021,Butchers and Meat Cutters,8.258405075,29.09404323,20.83563815,Secondary or below,1,1,0,0,1,0,0,1,129840,125910,133880,27160,30190,31740,25500,28600,29870
51,51_3092,Food Batchmakers,0,36.08359904,36.08359904,Secondary or below,2,1,0,0,1,0,1,0,71930,97220,148540,23240,26820,30130,21920,24640,27810
51,51_3093,Food Cooking Machine Operators and Tenders,7.902368852,33.23297123,25.33060238,Secondary or below,2,1,0,0,1,0,1,0,34140,32220,36520,23160,25360,30330,21860,23380,28350
51,51_4011,"Computer-Controlled Machine Tool Operators, Metal and Plastic",40.01669855,55.83633033,15.81963178,Secondary or below,2,2,0,1,0,0,1,0,128400,123600,146190,30310,35890,39590,29050,34730,37880
51,51_4012,"Computer Numerically Controlled Machine Tool Programmers, Metal and Plastic",60.80461391,74.42131642,13.6167025,Secondary or below,3,3,1,0,0,1,0,0,18910,16360,25180,39100,48400,53560,37520,45900,50580
51,51_4021,"Extruding and Drawing Machine Setters, Operators, and Tenders, Metal and Plastic",7.705517504,41.35448996,33.64897246,Secondary or below,2,1,0,0,1,0,1,0,96270,76260,71960,26690,33900,35340,25870,31730,33870
51,51_4022,"Forging Machine Setters, Operators, and Tenders, Metal and Plastic",6.236413805,43.19520995,36.95879614,Secondary or below,2,1,0,0,1,0,1,0,44920,22110,19160,28910,34100,38710,26300,33550,36930
51,51_4031,"Cutting, Punching, and Press Machine Setters, Operators, and Tenders, Metal and Plastic",5.664084588,33.59378288,27.92969829,Secondary or below,2,1,0,0,1,0,1,0,277410,182170,192800,25940,30690,34210,24570,29370,32370
51,51_4032,"Drilling and Boring Machine Tool Setters, Operators, and Tenders, Metal and Plastic",11.12415497,50.0378596,38.91370463,Secondary or below,2,1,0,0,1,0,1,0,51730,22390,12290,29400,33620,38880,27530,32370,36410
51,51_4033,"Grinding, Lapping, Polishing, and Buffing Machine Tool Setters, Operators, and Tenders, Metal and Plastic",3.226128575,42.46620314,39.24007456,Secondary or below,2,1,0,0,1,0,1,0,99580,70120,74600,28070,32310,34920,26120,30670,32890
51,51_4034,"Lathe and Turning Machine Tool Setters, Operators, and Tenders, Metal and Plastic",8.883441906,43.69987682,34.81643492,Secondary or below,2,1,0,0,1,0,1,0,72270,40970,33850,31450,35830,39630,30270,34650,38480
51,51_4035,"Milling and Planing Machine Setters, Operators, and Tenders, Metal and Plastic",6.299632857,40.48614738,34.18651452,Secondary or below,2,1,0,0,1,0,1,0,30340,20520,17560,30300,37540,41180,29210,36340,39840
51,51_4041,Machinists,36.09645958,41.03554548,4.939085893,Secondary or below,2,2,0,1,0,0,1,0,368320,352650,391120,33410,39780,43220,32570,38520,41700
51,51_4061,"Model Makers, Metal and Plastic",28.91353006,44.55925303,15.64572297,Secondary or below,2,1,0,0,1,0,1,0,8360,6000,6250,39360,44730,50360,38000,42740,48550
51,51_4071,Foundry Mold and Coremakers,4.562434784,19.98530451,15.42286972,Secondary or below,1,1,0,0,1,0,0,1,21960,10040,12810,27340,31940,36030,26100,30500,34790
51,51_4072,"Molding, Coremaking, and Casting Machine Setters, Operators, and Tenders, Metal and Plastic",6.711341433,31.76414015,25.05279872,Secondary or below,1,1,0,0,1,0,0,1,147060,114760,145560,25200,30030,32660,23230,28160,30480
51,51_4081,"Multiple Machine Tool Setters, Operators, and Tenders, Metal and Plastic",8.279956958,37.8876279,29.60767094,Secondary or below,2,1,0,0,1,0,1,0,96560,69330,117300,31050,33250,36190,28690,31820,34340
51,51_4111,Tool and Die Makers,3.273268354,51.09092639,47.81765804,Secondary or below,2,1,0,0,1,0,1,0,105210,66530,72210,43630,48710,51610,42730,46930,51060
51,51_4121,"Welders, Cutters, Solderers, and Brazers",2.985572965,22.75737297,19.7718,Secondary or below,1,1,0,0,1,0,0,1,361970,314260,382730,30820,37370,42450,29160,35450,39390
51,51_4122,"Welding, Soldering, and Brazing Machine Setters, Operators, and Tenders",16.02326431,25.73455422,9.711289909,Secondary or below,1,1,0,0,1,0,0,1,56280,38530,46920,31620,35220,38380,28900,33810,36980
51,51_4191,"Heat Treating Equipment Setters, Operators, and Tenders, Metal and Plastic",9.34558522,40.62714494,31.28155972,Secondary or below,2,1,0,0,1,0,1,0,28410,18300,19780,29860,34150,39010,28200,32990,37180
51,51_4193,"Plating and Coating Machine Setters, Operators, and Tenders, Metal and Plastic",7.539320769,29.01192111,21.47260034,Secondary or below,1,1,0,0,1,0,0,1,41580,30580,35570,26780,30940,33690,25420,28980,31280
51,51_4194,"Tool Grinders, Filers, and Sharpeners",9.258200998,36.95743196,27.69923097,Secondary or below,2,1,0,0,1,0,1,0,22700,11930,9550,31080,35660,38860,29400,34440,36650
51,51_5111,Prepress Technicians and Workers,22.37836163,72.86675502,50.48839338,Secondary or below,3,1,0,0,1,1,0,0,89370,48070,33340,33040,37970,40640,31150,36280,38930
51,51_5112,Printing Press Operators,10.81545622,30.69661661,19.88116039,Secondary or below,1,1,0,0,1,0,0,1,238670,191130,169910,31012.37273,35370,37460,29555,33680,35530
51,51_5113,Print Binding and Finishing Workers,4.076548639,36.36568404,32.2891354,Secondary or below,2,1,0,0,1,0,1,0,144990,54230,52730,26940.10759,30800,33270,26546.66667,28920,31410
51,51_6011,Laundry and Dry-Cleaning Workers,1.595042082,27.69924462,26.10420254,Secondary or below,1,1,0,0,1,0,0,1,213840,204820,207710,17750,21230,23210,16780,19540,21510
51,51_6092,Fabric and Apparel Patternmakers,4.225771274,51.1648395,46.93906823,Secondary or below,2,1,0,0,1,0,1,0,10800,6060,5310,31890,44190,48460,26360,38970,39650
51,51_6093,Upholsterers,3.838247368,23.03541101,19.19716364,Secondary or below,1,1,0,0,1,0,0,1,40380,30210,32520,26580,31620,34640,24670,29960,33050
51,51_7011,Cabinetmakers and Bench Carpenters,5.428101483,21.95276771,16.52466623,Secondary or below,1,1,0,0,1,0,0,1,125220,84170,97980,25630,31790,34800,24000,30130,33050
51,51_7041,"Sawing Machine Setters, Operators, and Tenders, Wood",5.086055965,19.0434164,13.95736043,Secondary or below,1,1,0,0,1,0,0,1,53520,37050,50640,23130,27310,29960,22080,26180,28380
51,51_7042,"Woodworking Machine Setters, Operators, and Tenders, Except Sawing",7.031501069,21.75903666,14.7275356,Secondary or below,1,1,0,0,1,0,0,1,89860,61130,76130,23160,27650,29850,22030,26520,28510
51,51_8011,Nuclear Power Reactor Operators,30.15664471,52.4755942,22.31894949,Secondary or below,2,1,0,0,1,0,1,0,3400,5080,7170,61910,77310,91370,61060,75650,91170
51,51_8012,Power Distributors and Dispatchers,31.01138593,58.52884109,27.51745516,Secondary or below,2,1,0,0,1,0,1,0,11670,10100,11380,54240,69130,81500,54120,68900,81900
51,51_8013,Power Plant Operators,23.00155463,51.17034523,28.1687906,Secondary or below,2,1,0,0,1,0,1,0,34390,39930,35010,49110,62270,73800,49920,63080,74690
51,51_8021,Stationary Engineers and Boiler Operators,13.29446136,51.16899386,37.8745325,Secondary or below,2,1,0,0,1,0,1,0,52510,35800,33720,44220,52620,61410,43240,52140,59400
51,51_8031,Water and Wastewater Treatment Plant and System Operators,34.9491677,51.84365803,16.89449033,Secondary or below,2,2,0,1,0,0,1,0,96970,108330,115840,34620,42530,47930,33390,40770,45760
51,51_8091,Chemical Plant and System Operators,27.58836863,43.64069087,16.05232225,Secondary or below,2,1,0,0,1,0,1,0,55910,43130,33300,43680,54700,59430,43940,55490,59920
51,51_9011,Chemical Equipment Operators and Tenders,15.31955018,57.25562719,41.93607702,Secondary or below,2,1,0,0,1,0,1,0,56610,46250,73840,38040,45790,50300,37430,45150,47780
51,51_9012,"Separating, Filtering, Clarifying, Precipitating, and Still Machine Setters, Operators, and Tenders",1.889822365,42.59196672,40.70214435,Secondary or below,2,1,0,0,1,0,1,0,35550,38050,47160,32010,38800,41450,30340,37840,38360
51,51_9021,"Crushing, Grinding, and Polishing Machine Setters, Operators, and Tenders",4.960420259,33.15102576,28.19060551,Secondary or below,2,1,0,0,1,0,1,0,44370,33140,29830,28000,33720,36050,26690,32440,34390
51,51_9022,"Grinding and Polishing Workers, Hand",10.49837293,32.5295872,22.03121427,Secondary or below,1,1,0,0,1,0,0,1,43370,27420,26670,24940,28710,30860,22970,27370,28720
51,51_9023,"Mixing and Blending Machine Setters, Operators, and Tenders",4.960420259,31.76635157,26.80593131,Secondary or below,1,1,0,0,1,0,0,1,103940,123840,130480,28500,34120,37630,27530,32870,35680
51,51_9032,"Cutting and Slicing Machine Setters, Operators, and Tenders",2.669507106,36.95061709,34.28110999,Secondary or below,2,1,0,0,1,0,1,0,75430,61360,61330,26760,31090,34000,25690,30000,32870
51,51_9041,"Extruding, Forming, Pressing, and Compacting Machine Setters, Operators, and Tenders",4.753835293,50.82126243,46.06742714,Secondary or below,2,1,0,0,1,0,1,0,71500,65100,71260,28070,32740,34370,26540,31210,32510
51,51_9051,"Furnace, Kiln, Oven, Drier, and Kettle Operators and Tenders",5.950885323,41.45286596,35.50198064,Secondary or below,2,1,0,0,1,0,1,0,29400,18470,19520,29690,35520,37600,28210,34400,36040
51,51_9061,"Inspectors, Testers, Sorters, Samplers, and Weighers",37.81901886,43.36380708,5.544788217,Secondary or below,2,2,0,1,0,0,1,0,500250,410750,518950,29760,35550,40340,27060,33030,36780
51,51_9081,Dental Laboratory Technicians,9.819805061,34.65539704,24.83559198,Secondary or below,2,1,0,0,1,0,1,0,40440,38360,37110,31560,37980,40760,28500,35140,37680
51,51_9082,Medical Appliance Technicians,13.04721086,39.94826642,26.90105556,Some College,2,1,0,0,1,0,1,0,11870,13320,14570,31340,38610,39880,27680,35670,35980
51,51_9083,Ophthalmic Laboratory Technicians,19.31822256,48.71761308,29.39939052,Secondary or below,2,1,0,0,1,0,1,0,32920,27880,28570,23260,29610,34220,21760,27970,30640
51,51_9111,Packaging and Filling Machine Operators and Tenders,15.84658515,22.0987777,6.25219255,Secondary or below,1,1,0,0,1,0,0,1,390380,342280,386520,23260,27580,30910,21210,25270,28290
51,51_9122,"Painters, Transportation Equipment",6.546536707,29.58021486,23.03367816,Secondary or below,1,1,0,0,1,0,0,1,45670,43300,54860,35700,42160,46270,33550,39040,42150
51,51_9151,Photographic Process Workers and Processing Machine Operators,14.26131254,49.95102561,35.68971307,Secondary or below,2,1,0,0,1,0,1,0,79650,57540,26430,21746.39548,24760,31740,19520,22010,26470
51,51_9191,Adhesive Bonding Machine Operators and Tenders,5.345224838,40.88891935,35.54369451,Secondary or below,2,1,0,0,1,0,1,0,26880,15060,16940,24560,30520,34610,23190,29310,32290
51,51_9195,"Molders, Shapers, and Casters, Except Metal and Plastic",2.839288643,37.45637322,34.61708458,Secondary or below,2,1,0,0,1,0,1,0,36240,32250,39450,26320,30270,32590,24700,28830,30610
51,51_9198,Helpers--Production Workers,0.944911183,31.31407007,30.36915889,Secondary or below,1,1,0,0,1,0,0,1,464390,394270,429890,20730,24240,26930,19240,22450,24830
53,53_1021,"First-Line Supervisors of Helpers, Laborers, and Material Movers, Hand",14.72970759,48.08371589,33.3540083,Secondary or below,2,1,0,0,1,0,1,0,147180,166360,183620,39430,45930,50160,37180,43800,47230
53,53_1031,First-Line Supervisors of Transportation and Material-Moving Machine and Vehicle Operators,28.88137489,60.14092432,31.25954943,Secondary or below,3,1,0,0,1,1,0,0,207280,196420,202760,45670,54950,59800,42910,52720,57270
53,53_2011,"Airline Pilots, Copilots, and Flight Engineers",32.85487327,64.69475607,31.8398828,Bachelor Degree,3,1,0,0,1,1,0,0,78810,68580,81520,NA,115300,152770,NA,103210,127820
53,53_2012,Commercial Pilots,32.85487327,51.77497412,18.92010085,Bachelor Degree,2,1,0,0,1,0,1,0,19570,29900,38980,58000,73490,86260,47970,67500,77200
53,53_2021,Air Traffic Controllers,39.07906547,53.34131067,14.2622452,Secondary or below,2,2,0,1,0,0,1,0,23410,23970,23240,88090,110280,118200,91600,108040,122410
53,53_2031,Flight Attendants,8.852965605,34.54939224,25.69642663,Some College,2,1,0,0,1,0,1,0,104360,88020,113390,NA,41630,51620,NA,37740,48500
53,53_3021,"Bus Drivers, Transit and Intercity",2.171240593,23.65431811,21.48307751,Secondary or below,1,1,0,0,1,0,0,1,197090,179700,169680,30810,37060,41780,29580,35520,39790
53,53_3022,"Bus Drivers, School or Special Client",3.070597894,13.83032381,10.75972592,Secondary or below,1,1,0,0,1,0,0,1,468790,467610,515020,22890,28660,31110,22390,27580,30150
53,53_3031,Driver/Sales Workers,9.330589907,34.30569454,24.97510463,Secondary or below,2,1,0,0,1,0,1,0,368730,371670,426310,23780,27070,28440,20640,22540,22830
53,53_3032,Heavy and Tractor-Trailer Truck Drivers,6.671276195,29.68898223,23.01770604,Secondary or below,1,1,0,0,1,0,0,1,1520880,1466740,1704520,34350,39450,43590,33210,37770,41340
53,53_3033,Light Truck or Delivery Services Drivers,5.241838488,26.98306251,21.74122403,Secondary or below,1,1,0,0,1,0,0,1,977920,780260,858710,26320,32140,34790,23870,28630,30580
53,53_3041,Taxi Drivers and Chauffeurs,0,15.96303086,15.96303086,Secondary or below,1,1,0,0,1,0,0,1,125720,161940,188860,20830,24580,26790,18530,22440,24300
53,53_4011,Locomotive Engineers,9.27169271,31.56162626,22.28993355,Secondary or below,1,1,0,0,1,0,0,1,28250,40750,39900,51280,50870,61020,48420,46630,57670
53,53_4012,Locomotive Firers,4.945235803,28.79125446,23.84601866,Secondary or below,1,1,0,0,1,0,0,1,710,1130,1210,44880,47040,63750,45800,43510,58230
53,53_4031,Railroad Conductors and Yardmasters,19.84059393,44.46690706,24.62631313,Secondary or below,2,1,0,0,1,0,1,0,38070,42700,42880,49280,52370,58220,44490,49770,57480
53,53_5011,Sailors and Marine Oilers,5.516200142,26.37391195,20.8577118,Secondary or below,1,1,0,0,1,0,0,1,25360,31690,32530,30550,38030,46170,28370,36260,42060
53,53_5021,"Captains, Mates, and Pilots of Water Vessels",19.99505594,44.26177465,24.26671871,Secondary or below,2,1,0,0,1,0,1,0,22530,29280,36720,51430,70500,81520,49850,64180,72680
53,53_5031,Ship Engineers,14.24536367,43.97598303,29.73061937,Secondary or below,2,1,0,0,1,0,1,0,8020,9470,9750,52190,70920,74120,51190,65880,70570
53,53_6021,Parking Lot Attendants,3.070597894,26.11309301,23.04249512,Secondary or below,1,1,0,0,1,0,0,1,108460,124590,146350,17270,21250,23250,16320,19530,21730
53,53_6031,Automotive and Watercraft Service Attendants,12.67731382,41.43032786,28.75301404,Secondary or below,2,1,0,0,1,0,1,0,102550,86440,109790,17770,21210,24280,16570,19540,22420
53,53_6041,Traffic Technicians,42.05033813,66.55041074,24.50007261,Secondary or below,3,2,0,1,0,1,0,0,5370,6730,6410,34320,43550,48650,31650,41130,45150
53,53_6051,Transportation Inspectors,20.25977972,36.25299563,15.99321592,Some College,2,1,0,0,1,0,1,0,28340,24280,27430,47970,63050,72650,48450,57640,72220
53,53_6061,"Transportation Attendants, Except Flight Attendants",9.219149126,15.89248343,6.673334305,Secondary or below,1,1,0,0,1,0,0,1,26580,25150,18410,20940,23320,31080,18720,20930,26060
53,53_7021,Crane and Tower Operators,0,34.50981202,34.50981202,Secondary or below,2,1,0,0,1,0,1,0,49060,39510,45020,38320,49980,55280,36330,46230,52170
53,53_7032,Excavating and Loading Machine and Dragline Operators,1.085620297,19.40629898,18.32067868,Secondary or below,1,1,0,0,1,0,0,1,67210,49140,48320,34880,39910,45230,32410,36920,41030
53,53_7051,Industrial Truck and Tractor Operators,2.171240593,32.91008485,30.73884425,Secondary or below,1,1,0,0,1,0,0,1,586660,518350,542750,27740,31500,34260,26070,29780,32460
53,53_7061,Cleaners of Vehicles and Equipment,0,14.51163639,14.51163639,Secondary or below,1,1,0,0,1,0,0,1,311070,288110,348770,18830,22340,24660,17060,19680,22220
53,53_7062,"Laborers and Freight, Stock, and Material Movers, Hand",5.131309805,25.33000277,20.19869296,Secondary or below,1,1,0,0,1,0,0,1,2217590,2024180,2587900,21460,25710,28720,19710,23460,25980
53,53_7063,Machine Feeders and Offbearers,1.889822365,31.24764894,29.35782658,Secondary or below,1,1,0,0,1,0,0,1,162670,119730,88070,23360,28170,30490,21840,27000,28410
53,53_7064,"Packers and Packagers, Hand",0,32.36133292,32.36133292,Secondary or below,1,1,0,0,1,0,0,1,927740,676870,705660,18160,22100,24430,16700,19630,22130
53,53_7081,Refuse and Recyclable Material Collectors,1.511857892,19.707906,18.1960481,Secondary or below,1,1,0,0,1,0,0,1,132290,126360,114680,26090,34310,37690,24130,32640,35270
